"","X","Participant","Group","firstSample","Val","Condition","in_samples","out_samples","In.Est","Out.Est"
"1",1,"R_00LjhorSM2hoEb7","Dem",1,"neg",2,6,5,61,61
"2",2,"R_0Ao0vbabtWGnWJH","Dem",0,"pos",3,1,1,67,49
"3",3,"R_0DvoEIDobcalKmt","Dem",0,"pos",2,3,3,69,64
"4",4,"R_0fF049XjmE5ddCh","Dem",0,"neg",3,11,13,72,67
"5",5,"R_0TbhkeuhhCIFMlj","Dem",0,"neg",3,5,5,68,64
"6",6,"R_0Uli2WuiZKjO2lz","Dem",0,"pos",3,6,6,79,63
"7",7,"R_0wHmTmBCQKb1Dk5","Dem",0,"pos",1,2,2,76,62
"8",8,"R_10A8ddOwJz8EOyQ","Dem",0,"neg",1,6,3,60,65
"9",9,"R_10AEoGxm0JoOOrF","Dem",0,"neg",3,7,9,90,1
"10",10,"R_10B0hzJyZviJvfy","Dem",0,"neg",2,6,6,72,68
"11",11,"R_10G9seWzBRW5CCl","Dem",0,"neg",2,3,0,55,65
"12",12,"R_10IPM6ODAVuFR7Z","Dem",0,"pos",1,2,1,64,65
"13",13,"R_10vl0rcsqNHilRG","Dem",1,"neg",2,7,6,55,62
"14",14,"R_115Catd6urc94mq","Dem",0,"neg",3,11,7,79,27
"15",15,"R_117TxjKq5DcDpP4","Dem",0,"neg",1,4,4,49,43
"16",16,"R_12ltD2h46FegF18","Dem",0,"pos",3,5,5,70,65
"17",17,"R_12Pe7GfeiHVB6LZ","Dem",0,"neg",3,3,3,55,70
"18",18,"R_12zPFySUYIPhnh0","Dem",0,"neg",3,2,0,63,46
"19",19,"R_1ADUY2wi9sS2g0h","Dem",0,"neg",2,9,9,55,67
"20",20,"R_1C2Tva5QGb7v7lX","Dem",0,"pos",3,6,5,75,50
"21",21,"R_1CeiGGdlgYhoP1v","Dem",0,"pos",3,3,3,83,62
"22",22,"R_1CHpihQH0eQDMwV","Dem",1,"pos",2,10,10,64,67
"23",23,"R_1cTH6HOIJV1DFUY","Dem",0,"pos",1,1,1,75,53
"24",24,"R_1cVe3hZV9SyMK2F","Dem",0,"pos",2,4,4,64,47
"25",25,"R_1d5hTI2OC3bVYCj","Dem",1,"neg",1,12,11,65,64
"26",26,"R_1da9l4Ilz5nPJxS","Dem",0,"neg",2,3,4,65,60
"27",27,"R_1dgc1ch39dvUJlt","Dem",1,"neg",2,4,4,63,56
"28",28,"R_1dGmhEnMg635jrp","Dem",0,"pos",1,5,0,46,55
"29",29,"R_1DImA49yhmSLuMy","Dem",0,"pos",1,3,4,85,68
"30",30,"R_1dL95vQuhrbDK9X","Dem",0,"neg",3,3,3,73,45
"31",31,"R_1DOkU37W1r9jpG0","Dem",1,"neg",1,10,10,69,58
"32",32,"R_1DZ7SCsQ6CLjinb","Dem",1,"neg",1,6,8,50,56
"33",33,"R_1DZpmkxDteN0wc1","Dem",0,"pos",3,3,3,60,58
"34",34,"R_1E1gbqRsPKKCAYc","Dem",0,"neg",3,5,3,65,55
"35",35,"R_1E5QkIEXjw9tYgb","Dem",0,"pos",1,6,5,56,64
"36",36,"R_1eIt1mPbAJOGjvZ","Dem",1,"neg",3,4,4,69,71
"37",37,"R_1esALLujeAaRF6z","Dem",0,"neg",3,3,1,54,42
"38",38,"R_1eUBtrqhLpAQBRd","Dem",0,"pos",3,3,3,71,57
"39",39,"R_1f313cdcBJNXZZo","Dem",1,"pos",2,12,10,66,67
"40",40,"R_1FhbpCVv6TMVarJ","Dem",0,"pos",1,8,8,60,53
"41",41,"R_1FlZ0tKwc9WwTRl","Dem",0,"neg",2,9,9,60,57
"42",42,"R_1FOJwtjMT2Lg3Jj","Dem",1,"neg",2,7,6,67,65
"43",43,"R_1FPodxrCZ0xA8Qt","Dem",0,"neg",2,0,7,60,65
"44",44,"R_1FQWVa7Xz2dEx0z","Dem",0,"neg",1,8,3,65,72
"45",45,"R_1FtEOMaF63sQFKP","Dem",0,"pos",1,4,4,63,71
"46",46,"R_1g15UQwGjYKWFl3","Dem",1,"neg",2,2,0,81,52
"47",47,"R_1g1K1hk9dmetG8H","Dem",1,"pos",1,1,1,59,66
"48",48,"R_1gb8xJEpVdJVQhN","Dem",0,"pos",3,4,0,65,60
"49",49,"R_1gGCJcJymif912W","Dem",0,"pos",3,2,2,65,65
"50",50,"R_1gMX9CEVSXGtCw3","Dem",0,"pos",3,7,6,70,66
"51",51,"R_1gqMEYPQTA99qb8","Dem",1,"neg",2,3,3,69,64
"52",52,"R_1H2JCP7DUyLxp8u","Dem",0,"pos",1,5,6,59,65
"53",53,"R_1H6UluvSs9h6sMB","Dem",0,"pos",1,4,3,0,0
"54",54,"R_1HbraX5ggXday1M","Dem",0,"neg",3,3,2,74,61
"55",55,"R_1HhurW2TLSCh8bB","Dem",0,"neg",2,4,5,54,66
"56",56,"R_1HpZbJuTxNieGAA","Dem",0,"neg",1,16,18,70,70
"57",57,"R_1hTiXbSKNZguwIJ","Dem",0,"pos",1,2,2,70,61
"58",58,"R_1hySCt7HcZx12sZ","Dem",0,"pos",2,13,13,81,68
"59",59,"R_1hZ0uX4MP14IYFj","Dem",1,"neg",3,5,4,70,49
"60",60,"R_1hz3Yxv7Q5A2J0o","Dem",0,"neg",3,3,4,60,75
"61",61,"R_1IE0jwyb1TQ0zbz","Dem",0,"pos",1,8,12,60,63
"62",62,"R_1IFPk3ibi68jUqJ","Dem",0,"neg",3,9,9,65,57
"64",64,"R_1ILdcDA8NhmivVC","Dem",0,"pos",3,9,0,75,53
"65",65,"R_1IMMsTFdiRl58Vs","Dem",0,"neg",3,2,1,75,68
"66",66,"R_1ItnW7IzJZU4AiC","Dem",0,"pos",3,6,4,70,60
"67",67,"R_1jHD9CxO0UNQ4KU","Dem",0,"neg",2,4,5,67,68
"68",68,"R_1JKhoUFtSsk1pVQ","Dem",0,"neg",2,8,9,59,68
"69",69,"R_1JUDMzze4S9GmPu","Dem",0,"neg",2,6,6,58,70
"70",70,"R_1jVUS9fn6OXxmc2","Dem",0,"neg",2,2,2,66,65
"71",71,"R_1jvxtvZpmONIVxT","Dem",0,"pos",3,5,6,75,60
"72",72,"R_1K1oOn3DbQUKIuo","Dem",0,"neg",3,5,4,61,64
"73",73,"R_1KeRjJ9YTWxlh6Q","Dem",0,"neg",2,8,8,63,56
"74",74,"R_1kHQUMRLHfxW2Gx","Dem",0,"neg",2,5,0,60,71
"75",75,"R_1kIiHcQU5yio9eB","Dem",1,"neg",2,5,0,77,67
"76",76,"R_1KjWYLTtYYZRE5o","Dem",1,"neg",1,4,4,63,34
"77",77,"R_1Lby67brZmsrtEX","Dem",0,"neg",3,2,2,70,63
"78",78,"R_1lcmGlOxQnWtWId","Dem",1,"neg",3,3,0,68,64
"79",79,"R_1lhHxgPkuxSkwhK","Dem",0,"neg",2,12,12,65,55
"80",80,"R_1lhpsFdn7KHklR1","Dem",0,"neg",1,3,3,70,70
"81",81,"R_1LItzvkFJF9w046","Dem",0,"neg",2,5,5,63,68
"82",82,"R_1LUMI4GCytPrfPD","Dem",0,"neg",1,5,5,70,60
"83",83,"R_1LUUWaUCopTioTM","Dem",0,"neg",1,1,1,50,76
"84",84,"R_1LXNGjnLAtOX6Yk","Dem",0,"neg",3,13,12,65,60
"85",85,"R_1mDGXqYx4OmQeoT","Dem",0,"pos",1,7,8,66,71
"86",86,"R_1mgtcCko6CslO8H","Dem",1,"pos",3,5,6,65,65
"87",87,"R_1mKI8hGpgTazdVS","Dem",0,"neg",3,3,3,60,59
"88",88,"R_1mOXBHlEd6iiafz","Dem",1,"neg",3,5,5,57,48
"89",89,"R_1mV09eGvqUapjlK","Dem",0,"neg",3,7,10,65,56
"90",90,"R_1MYeTg85RKLAIWL","Dem",0,"neg",2,2,0,60,62
"91",91,"R_1N2FekwhWLcqBNV","Dem",1,"pos",2,2,2,67,74
"93",93,"R_1Ne8vAlwib8WePD","Dem",0,"neg",2,6,5,68,52
"94",94,"R_1NfDTzymqjprPHo","Dem",0,"pos",3,1,1,70,70
"95",95,"R_1NsisypeYGrQBnw","Dem",0,"pos",1,6,6,71,64
"96",96,"R_1NxoPr5iFwoBkLu","Dem",1,"neg",1,3,2,60,65
"97",97,"R_1OBIlVRgRkt23jx","Dem",0,"pos",1,11,11,71,66
"98",98,"R_1OE2RsZvCoKS7ZR","Dem",0,"neg",2,5,5,58,64
"99",99,"R_1oj53bIww0ZsUzT","Dem",0,"pos",1,6,6,73,58
"100",100,"R_1OlQrUxhQPgVL1T","Dem",1,"neg",1,6,3,67,67
"101",101,"R_1ON6YxSVLKqNevL","Dem",0,"pos",3,3,3,71,71
"102",102,"R_1P1WUBxIIX7cTd9","Dem",0,"pos",1,8,8,62,64
"103",103,"R_1P5yQHikdBnU2Hi","Dem",0,"neg",2,3,2,63,64
"104",104,"R_1pLqwX1InmHtZmL","Dem",0,"neg",2,2,1,59,59
"105",105,"R_1PR7TfCycVDoPrf","Dem",1,"neg",1,2,3,65,70
"106",106,"R_1pxP5LfOgBR50R2","Dem",1,"pos",1,2,2,55,65
"107",107,"R_1Q4OQFOr6NmNN2u","Dem",0,"neg",2,5,4,65,70
"108",108,"R_1QcOR6KJpZjA80g","Dem",0,"neg",2,3,0,55,75
"109",109,"R_1QhmcsbbEs7tlIL","Dem",1,"neg",3,2,0,85,70
"110",110,"R_1QMKKV07RCKukZV","Dem",0,"neg",3,1,1,67,62
"111",111,"R_1QtFS53hhbogeZr","Dem",0,"pos",2,5,5,72,66
"112",112,"R_1qVBwHEnI26zAIR","Dem",1,"pos",2,5,5,69,51
"113",113,"R_1r3vvfp3XNUKdxn","Dem",0,"neg",3,7,6,50,54
"114",114,"R_1r78NJP2EkkqAiF","Dem",0,"pos",1,4,5,58,64
"115",115,"R_1rNQHYBoevgIo6a","Dem",0,"neg",1,7,7,61,74
"116",116,"R_20Maut6GDVLf4GR","Dem",1,"neg",2,4,4,65,65
"117",117,"R_20MSAbj6N4ElnZG","Dem",0,"neg",2,3,0,70,72
"118",118,"R_20Thlcda7ybsC18","Dem",0,"pos",2,9,10,43,43
"119",119,"R_20UVm5kqeCOKvL2","Dem",0,"neg",3,5,5,52,58
"120",120,"R_210P8fZW92FIb18","Dem",1,"pos",3,2,0,63,66
"121",121,"R_214cCYLoDG81rbV","Dem",0,"neg",1,1,1,60,61
"122",122,"R_21yR9yhlUaaWIZ3","Dem",0,"pos",3,12,9,78,52
"123",123,"R_22YczHecoja2vcv","Dem",0,"neg",2,8,6,76,70
"124",124,"R_22ykw5SZJ4v5bE8","Dem",0,"neg",2,9,8,60,70
"125",125,"R_23W7GBywPV8LhT1","Dem",0,"neg",3,0,3,70,63
"126",126,"R_23WDlFQnhs8Hjke","Dem",0,"pos",1,2,2,62,60
"127",127,"R_24wMECRVfPxeuSH","Dem",0,"pos",3,2,0,66,48
"128",128,"R_24wtJbPOGlN7EdI","Dem",1,"neg",1,7,9,63,68
"129",129,"R_25Bm7Hax6KMZmGg","Dem",0,"neg",3,13,12,64,65
"130",130,"R_25EeEcL1S2Q6kJE","Dem",1,"neg",1,3,3,62,66
"131",131,"R_25T2AhgOtgs5bxI","Dem",0,"pos",3,8,8,58,72
"132",132,"R_25urix4pJj1gzct","Dem",1,"pos",1,4,5,53,68
"133",133,"R_263kIxSWcvF4ywc","Dem",0,"neg",1,4,4,62,60
"134",134,"R_264lZKvfjQvZOtJ","Dem",0,"neg",1,2,2,63,70
"135",135,"R_26kzoD6cwRiqIsf","Dem",0,"pos",3,9,11,73,65
"136",136,"R_26nlPJMvLBxAoyR","Dem",0,"pos",3,3,3,75,66
"137",137,"R_27asuAdA9DV6OOM","Dem",1,"pos",3,5,6,65,73
"138",138,"R_27DWL9RZyzJbLtY","Dem",0,"pos",3,2,0,68,61
"139",139,"R_27f0XK5lzgu85lZ","Dem",1,"pos",3,6,5,62,60
"140",140,"R_27OPmruHfJJ9R6W","Dem",0,"neg",2,1,1,60,54
"141",141,"R_27qgaoM37of0ZQE","Dem",0,"pos",3,6,3,65,60
"142",142,"R_27stelthzZdthXW","Dem",1,"pos",2,2,3,60,78
"143",143,"R_27THb0n9DZTYYM3","Dem",0,"neg",2,9,8,57,0
"144",144,"R_28AuUcG8urk6eYd","Dem",0,"neg",1,9,9,58,66
"145",145,"R_28FIhpqsElrzX6F","Dem",0,"neg",1,8,8,55,65
"146",146,"R_28Hvlq5s9FiM4pv","Dem",0,"neg",2,12,9,61,31
"147",147,"R_29lTT95tRD3Anpe","Dem",0,"neg",1,1,1,70,65
"148",148,"R_29mQuzmOWf08P4Y","Dem",0,"pos",1,6,6,62,40
"149",149,"R_29tO2e1oqRVefIW","Dem",0,"pos",3,6,5,68,56
"150",150,"R_2aeFSVlOwa6ymHP","Dem",0,"neg",2,4,4,55,64
"151",151,"R_2ahLKJU0YLes7bv","Dem",0,"pos",3,2,2,71,76
"152",152,"R_2anb2WBHZ0ZDsjD","Dem",0,"neg",3,5,5,65,60
"153",153,"R_2anI9dq1AUCvH2L","Dem",0,"neg",3,10,10,67,50
"154",154,"R_2aQDR3epB8finss","Dem",0,"pos",2,2,2,65,55
"155",155,"R_2axdd9bIMCKdkN6","Dem",1,"neg",1,8,8,61,61
"156",156,"R_2AXNRKS9wR4Ci5Y","Dem",1,"pos",2,7,7,71,64
"157",157,"R_2AYh9ADWMW7AiEm","Dem",0,"pos",3,7,7,75,65
"158",158,"R_2azR7u3Ofz3lJpO","Dem",0,"pos",1,5,6,65,66
"159",159,"R_2B2Ieli6WdoPkXn","Dem",0,"pos",2,7,6,55,63
"160",160,"R_2bJXeQTwiAEizlF","Dem",0,"pos",1,4,6,84,76
"161",161,"R_2bObqwG3BSQSPfM","Dem",1,"neg",1,2,0,62,54
"162",162,"R_2BqXbf4ya2wbuoM","Dem",1,"pos",3,6,4,72,64
"163",163,"R_2c6mshxDaVIXnCg","Dem",0,"pos",3,4,4,51,60
"164",164,"R_2c8Hpoy2F3GYd68","Dem",0,"neg",1,5,5,52,78
"165",165,"R_2Ce5mJdiLXtUlkD","Dem",1,"neg",2,3,3,70,54
"166",166,"R_2ciuAlYanjqjtrb","Dem",0,"neg",2,1,1,56,66
"167",167,"R_2CNWNVoDEzXALlo","Dem",0,"neg",2,4,4,52,69
"168",168,"R_2Cp8pFTUtVjAghJ","Dem",1,"neg",1,2,1,58,60
"169",169,"R_2cqm2jspjVv4Npy","Dem",1,"neg",2,5,4,66,48
"170",170,"R_2D8P4M6pVDoDiZ1","Dem",0,"neg",3,8,5,41,30
"171",171,"R_2dL2aChEzCOvGpn","Dem",0,"pos",1,2,2,69,84
"172",172,"R_2DY3kJtoZMuU4G6","Dem",0,"neg",2,4,4,50,65
"173",173,"R_2DYnMaarbJd64kM","Dem",0,"neg",1,4,3,62,40
"174",174,"R_2e4Occ6a0bN5e77","Dem",1,"neg",2,3,3,70,73
"175",175,"R_2EAAaO7UWfb2P01","Dem",0,"neg",1,4,3,52,53
"176",176,"R_2EG1Cn3R1oYRb7S","Dem",1,"pos",2,3,2,95,68
"177",177,"R_2EiNXfaKkrl2MTr","Dem",0,"pos",2,4,6,65,58
"178",178,"R_2EtucKDMyoiW8Zu","Dem",1,"pos",3,2,1,68,70
"179",179,"R_2f1CI6rvgAZlvwt","Dem",1,"neg",2,5,5,59,54
"180",180,"R_2f7Cg2qhRg8jjxQ","Dem",0,"pos",1,3,2,60,71
"181",181,"R_2hGydx6HXCsrt6h","Dem",0,"pos",3,5,3,75,60
"182",182,"R_2OZovf1zJDnhhwV","Dem",1,"neg",1,6,5,65,67
"183",183,"R_2PmPDvfAIWIJdGq","Dem",0,"neg",2,5,3,57,70
"184",184,"R_2Pzq91a6OI1z88T","Dem",0,"neg",2,4,4,60,69
"185",185,"R_2q9Syd9nKCYgJg2","Dem",1,"neg",3,18,18,80,41
"186",186,"R_2qgf7A55zQQzXU4","Dem",1,"neg",1,2,1,61,49
"187",187,"R_2QmTKSJ6joiQAmQ","Dem",0,"pos",1,2,3,65,70
"188",188,"R_2QoBQsz1P8dVYa6","Dem",1,"pos",2,3,3,63,64
"189",189,"R_2QSbiiqbdwqAfKj","Dem",0,"pos",1,4,4,75,26
"190",190,"R_2QXLmyBDIAr6G46","Dem",1,"pos",1,2,2,76,66
"191",191,"R_2QyYgWRj4XBPZbA","Dem",0,"neg",3,3,3,68,56
"192",192,"R_2rBf9fhMScVSgDx","Dem",1,"neg",2,8,8,70,54
"193",193,"R_2rGFSc9D48WRsq3","Dem",1,"neg",2,3,2,69,73
"194",194,"R_2rj5sdOXRoheRTJ","Dem",0,"pos",3,3,2,71,70
"195",195,"R_2rkGTdhCtVvcgyj","Dem",0,"neg",3,7,7,58,58
"196",196,"R_2rNqeqYl0GxtXjn","Dem",0,"pos",1,5,5,60,65
"197",197,"R_2ro8KkGMv5FOadI","Dem",0,"neg",2,2,0,65,62
"198",198,"R_2S02ZSoHg433yuO","Dem",0,"pos",1,1,1,65,55
"199",199,"R_2S8ktcDRh5SKXVy","Dem",0,"neg",1,5,8,57,67
"200",200,"R_2SB2i3fQJQCXCM9","Dem",0,"pos",1,3,5,75,67
"201",201,"R_2scGKuvYhN8Pvoc","Dem",0,"neg",3,8,8,64,69
"202",202,"R_2SDLSIAmDNC6zac","Dem",0,"neg",2,10,10,62,71
"203",203,"R_2SjKudIgaT3LRL4","Dem",1,"neg",2,6,6,60,54
"204",204,"R_2SJNL9KlUunkcoi","Dem",0,"pos",3,2,2,74,27
"205",205,"R_2Sk3H7oz0mqy7rU","Dem",0,"neg",1,5,4,64,68
"206",206,"R_2TAHBAP5ucQNZoX","Dem",1,"pos",2,3,3,65,65
"207",207,"R_2tfKXmLC3pf2HoO","Dem",0,"neg",3,4,3,63,58
"208",208,"R_2TGfTD8uck0s6PB","Dem",0,"pos",3,1,1,68,53
"209",209,"R_2tLmPeVsCvVkYLH","Dem",0,"neg",3,4,5,70,61
"210",210,"R_2TobAx7VJWx7BwU","Dem",0,"neg",1,8,8,79,41
"211",211,"R_2tzEsru8qzdjL02","Dem",0,"neg",2,10,10,57,55
"212",212,"R_2uHA086THzLuusv","Dem",0,"pos",1,15,17,66,50
"213",213,"R_2uUiMuDHlSObWIx","Dem",0,"pos",3,4,4,68,56
"214",214,"R_2uX6dpDzHmdl0mh","Dem",0,"pos",1,10,10,75,60
"215",215,"R_2v0NuG1GwbrCf9F","Dem",0,"pos",3,4,3,69,72
"216",216,"R_2v2f38WQYX2jZA0","Dem",1,"neg",3,7,10,63,55
"217",217,"R_2v2f6ThtEBww5UC","Dem",1,"neg",3,5,5,78,54
"218",218,"R_2v6uqopr9iEv7Zj","Dem",0,"neg",3,2,1,83,65
"219",219,"R_2wGD8l4ZBMTKrki","Dem",0,"neg",1,5,5,91,3
"220",220,"R_2WIRnu4aQzh1ZPU","Dem",1,"neg",2,4,4,59,72
"221",221,"R_2wKPaNcTb6jAAfi","Dem",0,"pos",1,11,11,49,55
"222",222,"R_2wnVmkSxEaAghsi","Dem",1,"pos",2,0,3,80,74
"223",223,"R_2wT4pqSGg1j6lS8","Dem",1,"neg",1,8,7,48,60
"224",224,"R_2WTmujaLjFtDIKe","Dem",0,"neg",2,6,6,58,62
"225",225,"R_2wtznT5oa02gIe3","Dem",1,"pos",3,4,4,68,63
"226",226,"R_2wuhdBljcJtZeal","Dem",0,"pos",2,7,5,76,61
"227",227,"R_2XcSYxdgxW6TMhc","Dem",0,"neg",2,11,11,58,62
"228",228,"R_2xCYjRufSEj1myM","Dem",0,"neg",2,5,3,55,66
"229",229,"R_2xJfeEUdB8nzJhr","Dem",0,"neg",1,13,13,64,76
"230",230,"R_2xLVI34aZQlI8hf","Dem",0,"pos",2,3,4,72,54
"231",231,"R_2XnRSa9Mi0U2nib","Dem",1,"neg",3,12,12,65,63
"232",232,"R_2y18udksSYT7wXR","Dem",0,"neg",3,3,1,68,65
"233",233,"R_2YPR9EBWEYGHQrK","Dem",0,"neg",2,6,4,52,60
"234",234,"R_2ZBpO7EdyiL50x3","Dem",0,"pos",3,8,7,76,62
"235",235,"R_2ZD3Hcf3izBNjYs","Dem",0,"pos",2,9,9,62,68
"236",236,"R_2ZE1s4LduN26t9E","Dem",0,"pos",2,6,4,55,62
"237",237,"R_2ze7N0UYcI32Hr6","Dem",1,"neg",2,6,5,60,52
"238",238,"R_2ZIJhrP0Cv0YxRt","Dem",1,"pos",3,7,7,68,65
"239",239,"R_2zl6C7SqmCjI9wK","Dem",0,"neg",3,14,10,65,71
"240",240,"R_2zMTkeNJd0t24IV","Dem",1,"neg",1,3,3,64,53
"241",241,"R_2ZNR1enS85j6KDF","Dem",1,"pos",3,4,4,66,67
"242",242,"R_2zSZq1F9OiV5MRm","Dem",1,"neg",1,8,8,65,38
"243",243,"R_2zYFHe3K14bHYEb","Dem",0,"neg",3,4,4,60,62
"244",244,"R_30dA7shA7YmPE5e","Dem",0,"pos",2,6,6,65,61
"245",245,"R_30isZheg4jcqQZG","Dem",1,"neg",2,3,3,64,55
"246",246,"R_30kHTRAFiuNM5WC","Dem",1,"neg",1,3,2,65,63
"247",247,"R_30pN6bmc4hEHN0o","Dem",0,"neg",2,4,3,51,59
"248",248,"R_31cS6FKqkvxZJLz","Dem",1,"neg",1,5,6,61,65
"249",249,"R_325u5oRfmRpcca2","Dem",0,"pos",3,6,5,70,71
"250",250,"R_32SlY0eXUQvYRqM","Dem",0,"pos",3,3,2,63,55
"251",251,"R_33DNBshdLvH3LIB","Dem",1,"neg",2,6,6,72,69
"252",252,"R_33fCqd82qoZRXuc","Dem",1,"neg",1,2,2,50,67
"253",253,"R_33lLaRxNzcmp6mN","Dem",0,"pos",2,12,9,55,55
"254",254,"R_33rviBMWmwxitQP","Dem",0,"neg",2,7,6,56,59
"255",255,"R_3CCNBLqMhKaY59w","Dem",0,"neg",3,4,5,63,60
"256",256,"R_3CUwPHvJaUW83ho","Dem",0,"neg",3,6,6,71,41
"257",257,"R_3CUxzCP5zxGLzCm","Dem",0,"pos",1,8,9,65,62
"258",258,"R_3dDQUjuu26BZTHA","Dem",0,"neg",2,8,4,65,55
"259",259,"R_3DjsT1uo0M3LTCc","Dem",0,"pos",3,10,10,71,62
"260",260,"R_3dMUR4MPlj9Lxyw","Dem",0,"neg",3,23,27,64,58
"261",261,"R_3EgS1ajYY4faKpv","Dem",0,"neg",2,2,2,67,50
"262",262,"R_3ErTpbFYA5UDgS1","Dem",1,"neg",1,2,2,78,58
"263",263,"R_3ESkUIJ57LiKnQX","Dem",0,"pos",1,2,0,71,71
"264",264,"R_3EtkifUAm3Svzmx","Dem",0,"neg",1,11,10,61,68
"265",265,"R_3EW4PqFTarp9D1y","Dem",1,"neg",3,7,7,60,65
"266",266,"R_3ewdGwIET5jh6cR","Dem",0,"pos",3,5,0,72,61
"267",267,"R_3fVL3ADY2Wt4TFO","Dem",0,"neg",3,10,11,55,47
"268",268,"R_3fwy2ZfyMHLoG55","Dem",1,"neg",1,3,2,49,61
"269",269,"R_3FXMCSPk7AqAA48","Dem",0,"neg",2,4,4,73,75
"270",270,"R_3g0KgaOMIfoTwjk","Dem",1,"neg",2,10,10,61,61
"271",271,"R_3g2a62Aw9R2aoAq","Dem",0,"neg",2,7,7,49,69
"272",272,"R_3g627Iu4RDco5hV","Dem",0,"neg",2,5,5,60,56
"273",273,"R_3G6ZhHikLlLH7nI","Dem",0,"neg",3,2,1,51,50
"274",274,"R_3Ge1Jnbd2CAPAFY","Dem",1,"neg",3,5,4,58,39
"275",275,"R_3GqOUPPV9L20dLk","Dem",0,"neg",2,5,5,62,57
"276",276,"R_3Gr04PD76Knkdru","Dem",0,"neg",3,2,2,86,40
"277",277,"R_3h3JISzPrxsc9VM","Dem",0,"neg",2,5,6,55,60
"278",278,"R_3hfL2DgqkUDz5ZS","Dem",0,"neg",2,6,3,60,65
"279",279,"R_3hFoHYtNV3k5lnH","Dem",0,"pos",1,7,7,60,78
"280",280,"R_3HNRdgidAZxm0OS","Dem",0,"pos",2,11,10,68,65
"281",281,"R_3HOIc45nAupoM4N","Dem",0,"neg",1,3,2,50,45
"282",282,"R_3hroQ4fz24WjvXH","Dem",0,"neg",3,2,1,60,55
"283",283,"R_3htmijEgq9cS1UP","Dem",0,"pos",2,4,0,65,50
"284",284,"R_3IccgC1UdwPymOg","Dem",0,"neg",2,40,11,57,67
"285",285,"R_3imL4ienzN2eCPq","Dem",1,"pos",2,3,3,71,60
"286",286,"R_3IRhuFKyszrN81O","Dem",0,"pos",3,10,11,71,62
"287",287,"R_3Jec24z2NVthpdb","Dem",0,"pos",3,1,1,60,53
"288",288,"R_3JhjYQbwHo70C5E","Dem",0,"neg",2,4,4,57,63
"290",290,"R_3JKPC6AqbLz8pHc","Dem",0,"pos",1,2,2,73,60
"291",291,"R_3JLB94GsssRr7EV","Dem",0,"neg",2,2,2,62,72
"292",292,"R_3JLDfwVWWNu5BAl","Dem",0,"neg",1,3,0,82,53
"293",293,"R_3JryI97lIHdFrld","Dem",0,"neg",3,5,5,74,67
"294",294,"R_3JsFykpr1CPcpLt","Dem",1,"neg",2,5,5,66,54
"295",295,"R_3kbrio6ShymiCAU","Dem",0,"neg",2,6,4,65,70
"296",296,"R_3kBxguV1FRndpnp","Dem",0,"pos",1,4,4,66,69
"297",297,"R_3kcVHm2QlpNx7EG","Dem",0,"neg",3,4,4,67,39
"298",298,"R_3KILo8GFRZsMuBT","Dem",0,"neg",2,5,5,59,72
"299",299,"R_3kOqh7iGnnrqSpl","Dem",0,"neg",3,1,1,59,57
"300",300,"R_3KPEUmOR6Ru8X7J","Dem",0,"pos",3,8,7,62,55
"301",301,"R_3KqZADkdMSnDYLT","Dem",1,"pos",1,3,3,61,65
"302",302,"R_3KUWwiljlI5I2Hx","Dem",0,"pos",3,4,2,61,71
"303",303,"R_3KxzScNHSQLDRcW","Dem",1,"neg",2,7,7,65,50
"304",304,"R_3lGqiZdBEHz0JlS","Dem",0,"neg",2,7,6,65,77
"305",305,"R_3LiNdi3WehEwuMd","Dem",1,"pos",3,3,3,73,61
"306",306,"R_3lQfZYYHp8eF2Om","Dem",1,"neg",2,2,0,60,60
"307",307,"R_3lsEiTBRfTeCazG","Dem",0,"pos",1,6,7,63,68
"308",308,"R_3lzxT9RkN9MSifv","Dem",1,"neg",3,22,18,63,59
"309",309,"R_3M3TnzX3OGcrQH2","Dem",0,"pos",2,5,5,60,64
"310",310,"R_3M6A7IPjrtmGkGb","Dem",0,"neg",2,5,5,75,65
"311",311,"R_3MGqlIcsx1NZ2i7","Dem",1,"neg",1,5,5,50,67
"312",312,"R_3mn8XGeaBWwx6wB","Dem",0,"neg",3,3,3,60,60
"313",313,"R_3Mtk8Ab1ta3BHyy","Dem",1,"neg",2,0,3,56,51
"314",314,"R_3My8uoXDhKCrc2A","Dem",0,"neg",3,4,3,67,67
"315",315,"R_3NCZgUdkRxHwBrv","Dem",0,"pos",1,0,9,68,61
"316",316,"R_3NHSnCYOoTUirDM","Dem",0,"neg",1,5,4,65,73
"317",317,"R_3niTvNlY7fQ3NF9","Dem",1,"pos",3,6,6,70,65
"318",318,"R_3nivP9VbxHsUaVr","Dem",1,"neg",3,6,6,72,63
"319",319,"R_3NKSxSx30wKkJ0C","Dem",0,"pos",3,1,1,72,60
"320",320,"R_3nl3ZCxaFxvN8Ax","Dem",0,"pos",2,11,8,68,66
"321",321,"R_3nuUoQmZV1pUA7W","Dem",1,"neg",2,6,6,64,61
"322",322,"R_3nvZYhAjKXVd7Xh","Dem",0,"neg",3,6,8,68,62
"323",323,"R_3O9y804q15Ocxyn","Dem",1,"neg",1,3,0,55,61
"324",324,"R_3O9zf5b9mX0xIoe","Dem",0,"neg",2,4,4,55,64
"325",325,"R_3oAzO437IBaeV8W","Dem",0,"pos",2,5,5,64,57
"326",326,"R_3oBLR3zqjipoFeF","Dem",0,"pos",3,1,1,67,56
"327",327,"R_3OkzTpp1oV00Q8M","Dem",0,"pos",3,2,5,79,46
"328",328,"R_3oXR6l9uAjGspHh","Dem",1,"pos",3,5,5,75,65
"329",329,"R_3oYHs0UWZVr8r4O","Dem",1,"neg",3,4,4,72,65
"330",330,"R_3P5Nik7octrik9f","Dem",0,"neg",2,9,9,72,60
"331",331,"R_3p9GpfO4xBFgTeC","Dem",0,"neg",2,2,2,60,65
"332",332,"R_3PAVRXqplb2kcau","Dem",0,"pos",3,1,1,57,48
"333",333,"R_3PEMdySOplQAxDl","Dem",0,"pos",3,6,6,63,53
"334",334,"R_3PH18eU4ZW3FeTn","Dem",0,"neg",2,1,1,64,60
"335",335,"R_3PS44OXyw5ZNwO3","Dem",0,"pos",1,7,8,67,67
"336",336,"R_3ptfBf0oyPiJn37","Dem",1,"neg",1,2,0,63,60
"337",337,"R_3PTS4WsKbdlMX54","Dem",0,"neg",2,6,5,86,54
"338",338,"R_3PuEaBF5y7vExxv","Dem",0,"pos",3,6,6,76,62
"339",339,"R_3PXlZtUmI4MawCF","Dem",0,"neg",2,7,8,62,68
"340",340,"R_3qeeA7m9ah9BoMV","Dem",0,"pos",1,10,11,73,64
"341",341,"R_3qfE1b9tcwa3eFG","Dem",1,"neg",3,1,1,65,55
"342",342,"R_3qlEZsBhLa5ipii","Dem",1,"neg",1,1,1,59,67
"343",343,"R_3QXmrhV1MKxmH9j","Dem",0,"pos",1,15,17,60,80
"344",344,"R_3r24icLttEzwkMJ","Dem",1,"pos",3,3,0,56,59
"345",345,"R_3R48gWI3KjMbyyi","Dem",0,"neg",3,5,5,69,65
"346",346,"R_3R4omT8XeCVv28R","Dem",0,"neg",1,4,4,66,50
"347",347,"R_3R8Gh063a8UU5Nh","Dem",1,"neg",1,5,5,62,68
"348",348,"R_3rNGcCFWPEM2V0v","Dem",1,"neg",3,3,3,71,68
"349",349,"R_3RxzwjwAGBR0eFz","Dem",1,"neg",1,1,1,80,76
"350",350,"R_3s0InvWSWoB3ZsK","Dem",1,"pos",3,5,2,73,72
"351",351,"R_3s7CePo5udO3lni","Dem",0,"neg",2,4,4,62,54
"352",352,"R_3snMMyfXyksRx3L","Dem",0,"pos",1,19,20,65,72
"353",353,"R_3splGtvGLRuw7gG","Dem",0,"neg",2,3,4,75,70
"354",354,"R_3sppQzvC6p3qv3U","Dem",0,"pos",3,4,6,72,48
"355",355,"R_4TasJxLm9N1S9nH","Dem",0,"pos",3,5,5,75,43
"356",356,"R_4VJKbV1X1xy2DNT","Dem",0,"neg",2,17,13,46,72
"357",357,"R_4Ym6Svl0ybGcwal","Dem",0,"neg",2,2,2,67,70
"358",358,"R_5bWbUTrHCGpUAdr","Dem",1,"neg",2,3,3,71,61
"359",359,"R_5C5ZkQkcFDKnAyd","Dem",0,"neg",2,2,2,59,76
"360",360,"R_5dKKc2i9SF3IIoN","Dem",0,"neg",3,17,19,70,66
"361",361,"R_5jcoaqAdeOySAnf","Dem",0,"pos",3,2,2,60,66
"362",362,"R_5stHz2sdy31nvgd","Dem",0,"pos",2,6,4,66,71
"363",363,"R_5ySt63NsxRYUFtn","Dem",0,"neg",2,4,4,65,39
"364",364,"R_6gvIZ6NXlvcfvfr","Dem",0,"pos",1,11,10,73,70
"365",365,"R_6te0T0QMwpPmlb3","Dem",0,"neg",2,0,6,62,44
"366",366,"R_6tYdikt7DnAZAcN","Dem",0,"pos",3,3,3,64,60
"367",367,"R_6xUookWV49oELx7","Dem",1,"neg",2,8,9,58,54
"368",368,"R_73t5YXPDVwPvNzH","Dem",0,"pos",1,3,0,64,70
"369",369,"R_74ysSoD3Z1otM9X","Dem",0,"neg",1,2,0,78,55
"370",370,"R_78tCD2XAd3QJaPD","Dem",0,"neg",1,2,0,82,65
"371",371,"R_798ioOc3kGwKIVj","Dem",0,"neg",3,0,3,70,67
"372",372,"R_79tkZzKByUwR9ER","Dem",1,"neg",1,5,5,65,75
"373",373,"R_88m7IJrTEUFAhpv","Dem",0,"pos",2,6,6,48,64
"374",374,"R_8qcBmpERHLkWx8t","Dem",0,"pos",1,5,3,65,50
"375",375,"R_9pKbUtUJHAnclSF","Dem",0,"neg",2,11,8,60,65
"376",376,"R_9zY3x0fGRXzhY7T","Dem",0,"pos",3,2,2,83,32
"377",377,"R_a3mGhTZ8JrqT7Hj","Dem",0,"pos",2,3,2,64,66
"378",378,"R_a8CT3cacl8GZTmV","Dem",0,"pos",2,4,5,70,45
"379",379,"R_aeJ40reaRJdaVXj","Dem",0,"neg",3,5,5,65,61
"380",380,"R_af68prw0T6xjlHH","Dem",0,"neg",3,8,7,86,67
"381",381,"R_AFqRZ4sIxmZ4iVr","Dem",0,"neg",3,6,6,61,66
"382",382,"R_AH8rf9wBxz47hvP","Dem",0,"pos",3,3,3,61,45
"383",383,"R_ApqLyx9YZ0u07xD","Dem",0,"neg",2,4,4,50,52
"384",384,"R_aVJSCcavLze6gHD","Dem",1,"pos",1,11,10,55,70
"385",385,"R_AvulYUXIIr3rRrb","Dem",1,"neg",1,6,6,58,69
"386",386,"R_b3CwtFfKNDfgGZz","Dem",0,"pos",1,4,4,75,79
"387",387,"R_basJSEcsO90shLX","Dem",1,"neg",3,10,10,65,75
"388",388,"R_bdDeD7rXOQ1QDV7","Dem",1,"neg",2,13,8,59,67
"389",389,"R_beFbDcGRVCTTKRr","Dem",0,"pos",1,10,11,70,66
"390",390,"R_bJZPv3U5CxyfO4p","Dem",0,"pos",3,8,9,70,76
"391",391,"R_bNlAuxZwB5Jw7At","Dem",0,"neg",2,5,4,58,55
"392",392,"R_bO42BvDiB831UJP","Dem",0,"neg",1,3,4,70,72
"393",393,"R_BRHv4ivFnfTHzi1","Dem",1,"pos",1,8,5,60,70
"394",394,"R_bw1nMQA6TpPW2qd","Dem",0,"neg",2,3,3,65,68
"395",395,"R_C2lqgYsjKRuHOvL","Dem",1,"pos",3,4,4,61,72
"396",396,"R_C2YebYeDw2roFiN","Dem",0,"pos",1,26,25,76,44
"397",397,"R_C9u0re3SWVGpyQ9","Dem",1,"neg",1,3,0,50,80
"398",398,"R_d5qY4yS8p2qcAU1","Dem",0,"pos",3,7,7,73,59
"399",399,"R_DeLwT3m9FWtD0KB","Dem",1,"neg",3,11,13,65,60
"400",400,"R_DhJMKWVtPezBcUp","Dem",1,"pos",2,5,7,55,55
"401",401,"R_diHfkACCOYbtxkZ","Dem",0,"pos",2,2,2,59,45
"402",402,"R_dmUfCIRLd6dSNah","Dem",0,"neg",1,3,3,73,62
"403",403,"R_DpMLHVrctGar2LL","Dem",0,"pos",1,2,2,72,78
"404",404,"R_e5SC8uxazg4XLep","Dem",0,"pos",3,9,9,65,60
"405",405,"R_eESuwMEA5zU61xL","Dem",0,"neg",3,5,6,60,57
"406",406,"R_em1htj8k8fFeOyt","Dem",0,"neg",1,10,10,65,75
"407",407,"R_em33XSiUOY7XVAJ","Dem",0,"neg",2,8,7,59,69
"408",408,"R_ey9lBVE2boQ0iBz","Dem",1,"neg",1,1,2,59,63
"409",409,"R_NVCnIDPoRFboHzH","Dem",0,"pos",1,10,10,61,60
"410",410,"R_OBbOWrzr2DwqDeh","Dem",0,"pos",1,4,4,59,51
"411",411,"R_OQhBHLRDm12KXN7","Dem",0,"pos",1,2,2,70,64
"412",412,"R_p0KyfexDO0WO5WN","Dem",0,"neg",3,3,2,50,50
"413",413,"R_pfvIpX5XtlH7JFD","Dem",0,"neg",2,16,16,54,64
"414",414,"R_PNDu2L7mUBBGBmp","Dem",1,"pos",3,4,0,63,59
"415",415,"R_POlnChdt6KO9tEB","Dem",0,"pos",3,1,1,75,30
"416",416,"R_PTi6TQS8fNbY97r","Dem",0,"pos",1,10,8,65,63
"417",417,"R_Q9x9vFexOsYNSbD","Dem",1,"neg",1,4,0,55,60
"418",418,"R_QmttGvklj4bNSrn","Dem",1,"neg",2,4,4,66,50
"419",419,"R_R2iUDEHgLyGpYJP","Dem",1,"neg",2,2,2,66,49
"420",420,"R_r7OdzncZkpNRrhf","Dem",1,"neg",3,13,0,68,60
"421",421,"R_RalkJ3d3djrLtOV","Dem",0,"neg",1,4,4,60,73
"422",422,"R_Rh3MzEjFqJCgkV3","Dem",0,"neg",2,14,12,57,77
"423",423,"R_RIX4DAKMtHsiZyx","Dem",0,"pos",1,9,9,70,65
"424",424,"R_rjLVq1jr9tA6YOB","Dem",0,"neg",1,6,5,65,47
"425",425,"R_RKPvS7PAdHb73gt","Dem",0,"neg",3,5,5,65,47
"426",426,"R_roGyVWREzztTB5v","Dem",0,"pos",1,6,6,60,66
"427",427,"R_rqeyTtsA7aJT4Qx","Dem",1,"neg",2,9,10,62,55
"428",428,"R_RRoLVF7PeNRQOVX","Dem",0,"pos",1,6,6,61,70
"429",429,"R_Ry2CWSgOCzQpRVD","Dem",1,"neg",2,1,1,57,76
"430",430,"R_sAVtMJVJhZQnIVX","Dem",1,"neg",2,4,4,75,70
"431",431,"R_sbb3GypbBEL1gD7","Dem",0,"neg",2,2,2,72,66
"432",432,"R_shxZUkvQ8HfULQZ","Dem",1,"neg",3,4,2,77,71
"433",433,"R_sMdJZGpJ6lFqDQd","Dem",1,"neg",2,6,4,60,47
"434",434,"R_sNyPX0WNbVLTYcN","Dem",0,"neg",1,8,8,71,62
"435",435,"R_sohyi1WdGsbehCF","Dem",0,"pos",3,7,0,66,63
"436",436,"R_tFLn3s5jFWViUZX","Dem",0,"pos",3,6,5,66,52
"437",437,"R_TouGAQTWpzFVDWh","Dem",0,"pos",1,4,4,55,71
"438",438,"R_u7YQTkCiOzdaYIF","Dem",0,"pos",3,4,5,75,50
"439",439,"R_UF2Hk8mojPEkXKh","Dem",0,"neg",2,5,3,64,68
"440",440,"R_UJvcLju5Key76tr","Dem",0,"pos",3,2,2,75,55
"441",441,"R_un86tQBBgRBlu1z","Dem",0,"pos",1,1,1,63,66
"442",442,"R_UndyTPBTRRUy96V","Dem",0,"pos",3,4,4,70,54
"443",443,"R_Uuu5JjhVwzlgNzP","Dem",1,"neg",3,2,2,70,71
"444",444,"R_uyJ5ehHHxv6gG41","Dem",0,"pos",1,7,6,74,63
"445",445,"R_vdcleczGZiVsGJz","Dem",1,"neg",3,2,1,62,55
"446",446,"R_vdlS5T5mhqQnC13","Dem",0,"pos",1,5,5,71,55
"447",447,"R_VHVaw24DFJ3LqO5","Dem",0,"pos",1,3,2,63,57
"448",448,"R_WBzXZGNbPhNi4Qp","Dem",0,"neg",2,5,5,61,65
"449",449,"R_WeMMRFroBjQuT5v","Dem",0,"neg",1,5,6,63,76
"450",450,"R_WjkJHKhh1gtpPIB","Dem",0,"pos",1,2,2,75,65
"451",451,"R_wNNApgjQL29zRYd","Dem",0,"pos",1,1,1,60,63
"452",452,"R_wWW4Y4ye669wq6R","Dem",1,"neg",3,3,6,65,60
"453",453,"R_XAHyVEQwv7Cy0BX","Dem",0,"pos",1,4,3,65,74
"454",454,"R_xb9FvHC9bHq04jT","Dem",0,"neg",3,7,8,54,62
"455",455,"R_XHfK1Eeujkzn1zH","Dem",0,"neg",1,3,3,55,67
"456",456,"R_xhKZMkJmvBUHbEZ","Dem",0,"neg",2,4,4,66,64
"457",457,"R_XiaJzOYKNHaTUrL","Dem",0,"pos",3,6,6,62,69
"458",458,"R_xmGb20Yx4e2Q0Wl","Dem",1,"neg",2,9,8,68,58
"459",459,"R_xnEd2NN6QeGWJDH","Dem",0,"pos",1,3,0,60,58
"460",460,"R_xr5acc0yTjpFhHb","Dem",0,"neg",2,7,5,68,73
"461",461,"R_xreuDFF4PwqbWyR","Dem",1,"pos",1,5,4,51,54
"462",462,"R_XsHLvVbts0VGSbv","Dem",0,"neg",3,3,3,68,57
"463",463,"R_XtFXGVouWdhZEQx","Dem",1,"neg",2,9,8,71,67
"464",464,"R_Xv563ncnQ3wLtdv","Dem",1,"pos",2,5,3,62,66
"465",465,"R_yqlDsnIN2itENu9","Dem",1,"neg",1,6,5,75,55
"466",466,"R_YWWx3CtrYDjNoIh","Dem",1,"pos",2,3,2,67,75
"467",467,"R_YYamIIlgsU4xhkd","Dem",0,"neg",2,6,5,63,57
"468",468,"R_YYz2phoL4VIRiQ9","Dem",1,"neg",1,9,8,62,67
"469",469,"R_Z4fZv3GpRHw2inT","Dem",0,"pos",3,5,5,66,54
"470",470,"R_z5Q2DIVOQcAzN85","Dem",0,"neg",3,8,7,58,52
"471",471,"R_zcodp1JQzN8pA1X","Dem",0,"neg",3,8,8,82,62
"472",472,"R_ZDozVwCi9zCGvwR","Dem",0,"neg",3,5,4,75,63
"473",473,"R_Zq7d7UZuuBT7DzP","Dem",0,"neg",1,1,1,57,75
"474",474,"R_zYBM6yiXvOz0BeV","Dem",0,"neg",2,1,1,65,75
"475",475,"R_0dCNbFY4EhRIedP","Rep",0,"neg",1,6,7,54,66
"476",476,"R_0ldZFKTKFl8aoBX","Rep",0,"neg",2,1,1,47,31
"477",477,"R_0oVK1sWW3dOQWIN","Rep",0,"neg",1,1,1,54,63
"478",478,"R_0rgDYbY3Nvru4Mh","Rep",0,"neg",3,3,0,86,45
"479",479,"R_0Txk0NgLbaGFnnr","Rep",1,"pos",3,4,4,75,68
"480",480,"R_0UOA3BgcyiPYnHb","Rep",0,"neg",1,5,6,59,60
"481",481,"R_10I3o8CKCZqLJ0w","Rep",0,"neg",2,28,2,70,65
"482",482,"R_10PDRr3BhPwOz9o","Rep",0,"neg",2,10,9,51,51
"483",483,"R_10UTGmF32GvHZpD","Rep",0,"neg",2,3,3,52,29
"484",484,"R_10wUZPUNCSIYMaB","Rep",0,"pos",3,3,3,74,69
"486",486,"R_11X6XHPr7JRLXFL","Rep",1,"pos",3,1,2,66,62
"487",487,"R_12LL7ThvTFx4WCj","Rep",0,"neg",2,14,14,65,70
"488",488,"R_12t1bwtGSTmQXRS","Rep",0,"pos",3,2,1,74,64
"489",489,"R_1C3IP3ONIKBqmzk","Rep",0,"pos",1,4,5,59,69
"490",490,"R_1C7asBKhb0VuclG","Rep",0,"neg",3,4,3,63,60
"491",491,"R_1C7mrijgikDnmDE","Rep",1,"neg",2,2,2,75,53
"492",492,"R_1CfgpE4igHfq6tn","Rep",0,"pos",1,0,3,59,62
"493",493,"R_1CrVlwUvThcR71V","Rep",1,"neg",1,2,1,59,49
"494",494,"R_1d19Vkb7PTkqw6o","Rep",1,"pos",1,9,9,65,65
"495",495,"R_1dFD13XdmHgtFwY","Rep",0,"neg",1,20,16,65,78
"496",496,"R_1E5qSqiQMUlG9qy","Rep",0,"pos",1,5,5,64,69
"497",497,"R_1eDiKi2xmh3sccw","Rep",1,"pos",3,9,10,63,63
"498",498,"R_1et3KBa3FmcGQ3Z","Rep",0,"neg",3,12,9,55,55
"499",499,"R_1f41CsKtaAG9Qmq","Rep",1,"pos",3,3,2,54,59
"500",500,"R_1FJ91oqzfz8eYPd","Rep",0,"neg",3,6,6,73,67
"501",501,"R_1fkD2bhuDUGXKYR","Rep",0,"pos",3,2,0,79,63
"502",502,"R_1fme6SWgQKMHRhi","Rep",1,"pos",1,1,1,37,55
"503",503,"R_1FQE06onMxefwMS","Rep",1,"neg",2,5,5,62,55
"504",504,"R_1FzhZRzmLN4EkdF","Rep",0,"neg",1,2,2,60,68
"505",505,"R_1g7a6fZoTS6etUy","Rep",0,"pos",1,5,5,59,68
"506",506,"R_1GDG9a1DhDegGEz","Rep",1,"neg",1,2,2,60,66
"507",507,"R_1GEwGt2Eh72RehW","Rep",0,"neg",3,0,4,55,38
"508",508,"R_1gi7u4ZntdyjrC8","Rep",0,"neg",2,2,1,56,51
"509",509,"R_1gN1Pmh6ABoHYH2","Rep",1,"neg",1,8,8,56,61
"510",510,"R_1gpEvCx07LSBerH","Rep",0,"neg",3,4,3,61,55
"511",511,"R_1GQCtKYWbDlJZmD","Rep",0,"neg",3,12,14,70,61
"512",512,"R_1gSeXA4vrt40Em8","Rep",0,"neg",3,4,4,65,63
"513",513,"R_1gtm7Np48y5s4um","Rep",0,"neg",3,6,6,60,58
"514",514,"R_1H5DssZ4V1G7lNh","Rep",0,"neg",3,0,2,68,63
"515",515,"R_1HM80HeZLc9rZJf","Rep",0,"neg",2,5,5,63,49
"516",516,"R_1hPTs29zBxhOVqx","Rep",0,"neg",3,2,0,53,59
"517",517,"R_1hS7owaXCBGnQSQ","Rep",0,"pos",1,9,7,50,66
"518",518,"R_1IiJf0qULYOz1Hd","Rep",1,"neg",2,2,0,56,62
"519",519,"R_1Ip9mT0pOurTKU9","Rep",0,"neg",2,3,1,60,70
"520",520,"R_1irqRyTBwQnQv23","Rep",1,"neg",2,5,5,65,60
"521",521,"R_1IZCJNxhSd3uSWe","Rep",1,"pos",2,4,2,61,78
"522",522,"R_1jpqOiWP8yGxhox","Rep",0,"neg",2,7,7,58,55
"523",523,"R_1JWmQGw1r0YwGyF","Rep",0,"neg",2,4,4,56,63
"524",524,"R_1K3JGXWMCB5IJ4m","Rep",1,"neg",1,6,3,50,70
"525",525,"R_1kNck7FZ2qaClQH","Rep",0,"pos",2,3,3,63,54
"526",526,"R_1KvCrAkMeGIxrTC","Rep",0,"neg",1,3,0,62,48
"527",527,"R_1lAAl4Ge0a4Y4a6","Rep",1,"neg",1,6,6,49,46
"528",528,"R_1LdLeqFkI54M7LS","Rep",1,"pos",1,6,5,55,75
"529",529,"R_1LesYEFyzQBTo5b","Rep",1,"neg",2,0,5,65,65
"530",530,"R_1LG7IaPnVnAZ4ta","Rep",1,"pos",3,2,2,64,60
"531",531,"R_1LiHbLDqkdXV0ZV","Rep",0,"pos",3,3,3,70,65
"532",532,"R_1LIK2jdk94O8osJ","Rep",0,"pos",2,2,2,64,48
"533",533,"R_1lofOZDisNug7fE","Rep",1,"pos",2,2,1,66,74
"534",534,"R_1LOws05kISLH4xU","Rep",0,"pos",1,7,7,70,66
"535",535,"R_1LRvgDaJSI4Wg9Q","Rep",1,"neg",1,11,4,68,59
"536",536,"R_1luGjxDU9ec06I5","Rep",1,"neg",2,2,2,70,65
"537",537,"R_1LvDzbpqNBHkznm","Rep",1,"neg",2,2,0,64,57
"538",538,"R_1lxAyN2hRs1QFmb","Rep",1,"pos",3,5,4,65,72
"539",539,"R_1LzjV2Nzkr7Jh6J","Rep",1,"neg",1,2,0,66,65
"540",540,"R_1me0BMP6ogsI068","Rep",0,"pos",3,2,3,67,43
"541",541,"R_1memPrta7Cqm00K","Rep",0,"neg",2,2,2,53,44
"542",542,"R_1mIsuYp6j8EWClg","Rep",0,"neg",1,2,1,50,67
"543",543,"R_1MR2Q8TnVYsPvXp","Rep",1,"pos",1,2,1,84,70
"544",544,"R_1mrRTiBwr1FRMiM","Rep",1,"pos",1,2,4,36,75
"545",545,"R_1MWWLNYEDpu7YeL","Rep",0,"neg",1,6,6,73,56
"546",546,"R_1n8FO1Qi2dJTgha","Rep",0,"pos",1,4,2,63,54
"547",547,"R_1n8RH5rkMpsfr5a","Rep",0,"neg",2,2,2,65,60
"548",548,"R_1NDnrvqg8nTf6SZ","Rep",0,"pos",1,10,12,66,65
"549",549,"R_1NECEsrm1TVljs5","Rep",0,"pos",2,3,4,57,71
"550",550,"R_1NhnW8OzVpPBSVH","Rep",0,"pos",1,18,17,70,71
"551",551,"R_1Nhuu6S5c2I17fu","Rep",1,"neg",2,7,7,65,68
"553",553,"R_1o6JqQ8aUqil5mY","Rep",0,"pos",1,20,20,68,74
"554",554,"R_1oBlOtGCZQwBcR4","Rep",1,"neg",2,4,4,50,63
"555",555,"R_1OGJElxaAMYL2pj","Rep",0,"pos",2,0,2,68,62
"556",556,"R_1OiS4RT9ZAUXmLF","Rep",0,"neg",3,0,3,57,52
"557",557,"R_1ou2epkh0u7kILp","Rep",0,"pos",1,4,4,65,67
"558",558,"R_1Ow7e3j7l71oztq","Rep",0,"pos",3,7,6,52,54
"559",559,"R_1Oxb0YiWK16LK2d","Rep",0,"pos",1,5,5,65,64
"560",560,"R_1PeigZz1is8J46Y","Rep",0,"pos",2,2,1,72,65
"561",561,"R_1pYCFnM5ZLXjGXj","Rep",1,"pos",3,2,3,65,64
"562",562,"R_1pZ4Xw5wjb4y3QQ","Rep",0,"neg",2,2,1,55,65
"563",563,"R_1PZgNcvV1T40sq8","Rep",0,"neg",3,4,5,67,52
"564",564,"R_1Q6Htryp3OtGcy9","Rep",0,"neg",1,3,3,59,60
"565",565,"R_1qb6IqVE7Z3ot49","Rep",0,"neg",2,13,13,51,53
"566",566,"R_1QENIZuYBMSFkfm","Rep",0,"pos",2,6,5,67,57
"567",567,"R_1QJU50RnUeks2OJ","Rep",0,"neg",2,5,0,69,62
"568",568,"R_1QKMa3WUqw3MG4B","Rep",0,"neg",1,3,3,60,55
"569",569,"R_1QKPcEmEy9xEw6a","Rep",1,"pos",1,12,12,52,65
"570",570,"R_1QLMWTj5DtjnoWL","Rep",1,"neg",2,7,6,60,65
"571",571,"R_1qZY2b92bRMlL0A","Rep",0,"neg",2,3,3,81,66
"572",572,"R_1rcsw7fkstmF2Ym","Rep",0,"pos",1,15,16,80,66
"573",573,"R_1rGsCU0fVkbSslu","Rep",0,"pos",1,3,2,74,74
"574",574,"R_1rwUbIp89LCCg9E","Rep",0,"neg",1,4,4,54,74
"575",575,"R_1THb25Gfdgu8kMh","Rep",0,"neg",1,3,2,70,33
"576",576,"R_21dB8zJZvzHwnH2","Rep",0,"neg",3,2,3,70,65
"577",577,"R_21GTwVlU0HEIYDl","Rep",1,"pos",1,1,1,54,72
"578",578,"R_21mu57FrF4lxnrQ","Rep",0,"neg",2,6,5,54,46
"579",579,"R_22Gtf7pcPh8EGNj","Rep",0,"neg",3,3,3,68,61
"580",580,"R_22PUT9o9AhkOcLW","Rep",0,"neg",3,3,3,63,75
"581",581,"R_22snb4QxfEst8yK","Rep",0,"neg",1,2,1,64,68
"582",582,"R_22StbEKKYyVH6pp","Rep",0,"pos",3,1,1,68,89
"583",583,"R_22t9nPN65Gghaq0","Rep",0,"neg",2,6,6,51,71
"584",584,"R_22Yt3M5qHxPEKXF","Rep",0,"pos",1,20,22,70,67
"585",585,"R_232BavyCy8GBjX4","Rep",0,"pos",3,2,2,69,29
"586",586,"R_233NzHcfFS33IWF","Rep",0,"pos",2,39,1,66,79
"587",587,"R_23TTCqoE7mVF2pj","Rep",0,"pos",2,2,0,64,53
"588",588,"R_241u9G4sPLdow9J","Rep",0,"neg",3,17,13,59,55
"589",589,"R_25LLxc2gKBPVRTQ","Rep",0,"pos",1,2,2,80,35
"590",590,"R_269BRComlKIKU2b","Rep",0,"neg",1,5,5,64,67
"591",591,"R_272pbdHfvusFLl1","Rep",1,"pos",3,2,0,64,64
"592",592,"R_28IknEbmrYIqnaK","Rep",1,"pos",3,3,0,60,58
"593",593,"R_28Yee9RzZY0eLx8","Rep",0,"neg",2,6,5,60,65
"594",594,"R_2af1uTc1DSRPx6w","Rep",1,"neg",2,3,3,72,71
"595",595,"R_2ahNnBUwIDpvljl","Rep",0,"neg",2,2,0,51,89
"596",596,"R_2aV60Of6kKlXvpC","Rep",0,"pos",1,4,4,68,65
"597",597,"R_2ay2plqF1pqLhv4","Rep",1,"pos",3,2,1,70,60
"598",598,"R_2Bs8mDXkNhr8PMh","Rep",0,"neg",1,3,3,75,65
"599",599,"R_2c5DMcL1Rp1UyqE","Rep",1,"neg",1,8,7,57,63
"600",600,"R_2c5WVRGuJxiO8Aq","Rep",0,"neg",2,8,8,60,57
"601",601,"R_2Cfvv5LK34xDRX9","Rep",0,"pos",3,4,4,82,64
"602",602,"R_2CHgEKWXcFRtvgj","Rep",1,"neg",1,4,4,58,92
"603",603,"R_2chMXXLUoz5zjGg","Rep",0,"neg",3,2,0,65,75
"604",604,"R_2CPNXPK01ZTUW13","Rep",0,"neg",2,5,5,55,60
"605",605,"R_2cqM65CskQGgacY","Rep",0,"pos",2,5,0,69,60
"606",606,"R_2cr8NSx0SBheL4J","Rep",1,"neg",1,5,5,91,50
"607",607,"R_2CZb7B59ZV1T2al","Rep",0,"neg",1,2,3,54,61
"608",608,"R_2dAbMA99YATNqfI","Rep",1,"pos",1,5,5,54,52
"609",609,"R_2doT4JhxEr3HVlI","Rep",1,"neg",3,2,1,76,62
"610",610,"R_2dPTjDRtUbIILTJ","Rep",0,"neg",1,0,2,47,60
"611",611,"R_2dRMSPuepFIZ0qc","Rep",1,"neg",3,3,2,80,65
"612",612,"R_2dZpiettBa1oqtG","Rep",1,"pos",3,3,2,57,57
"613",613,"R_2E773B4newvUobu","Rep",0,"neg",2,3,2,70,61
"614",614,"R_2EmG0I9jTYzc61U","Rep",0,"neg",2,2,1,55,58
"615",615,"R_2eP6VtdS3FsVZwR","Rep",1,"neg",3,5,5,60,50
"616",616,"R_2EsqK3iP8CT8vF6","Rep",1,"pos",3,3,2,64,60
"617",617,"R_2EsYszj0FZC6slz","Rep",0,"neg",3,4,5,51,67
"618",618,"R_2f1GKjzOsXqqbst","Rep",1,"pos",1,2,3,84,1
"619",619,"R_2f2sdOaQsCq3pAO","Rep",1,"neg",2,5,5,65,65
"620",620,"R_2fJx45YTlnaZtlB","Rep",0,"neg",3,6,2,51,49
"621",621,"R_2frIeTbwjNqG0bp","Rep",0,"pos",2,10,12,89,78
"622",622,"R_2h3SZrfnDEAZeLL","Rep",0,"pos",2,2,0,81,60
"623",623,"R_2lOnG3GyuWDCMh3","Rep",0,"neg",3,5,5,45,57
"624",624,"R_2mzF2r83pgeadk5","Rep",0,"pos",1,6,8,67,61
"625",625,"R_2OHdqjHPU1zmkvy","Rep",1,"pos",3,3,0,76,38
"626",626,"R_2OMYM9E1jZmoQUr","Rep",0,"neg",3,6,6,55,34
"627",627,"R_2P7sPQo4Smh1obX","Rep",0,"neg",3,3,3,68,63
"628",628,"R_2PBeG9NE6OzFd8s","Rep",0,"pos",1,2,1,68,72
"629",629,"R_2QhRgXrGAlaMw25","Rep",0,"pos",3,0,3,78,55
"630",630,"R_2QimSTrPf72l1gf","Rep",0,"neg",2,7,7,57,70
"631",631,"R_2QQXmfSOWDy0pUn","Rep",0,"neg",2,12,10,65,67
"632",632,"R_2QVCUwIEydo7uWf","Rep",1,"neg",2,3,3,66,55
"633",633,"R_2QVthl0tE6AqjMY","Rep",1,"pos",3,2,3,65,60
"634",634,"R_2rJ8sFzuEk7MW3s","Rep",1,"neg",1,3,3,60,55
"635",635,"R_2rNheM0bRTxgBnk","Rep",0,"pos",3,5,5,70,93
"636",636,"R_2roS9t6Otb2q47r","Rep",0,"neg",3,4,4,61,52
"637",637,"R_2RP0LppEKEs1vNo","Rep",1,"pos",1,2,1,89,61
"638",638,"R_2rVmqszlOdMW0EN","Rep",0,"pos",2,5,4,64,61
"639",639,"R_2RX1auhtA69lhrj","Rep",1,"pos",1,2,0,64,74
"640",640,"R_2rxvWZdbYQb7JKN","Rep",0,"pos",3,4,2,54,47
"641",641,"R_2S6spuCCr8DFPmC","Rep",0,"neg",2,5,5,62,60
"642",642,"R_2S8P2DZsroUIx7W","Rep",1,"neg",1,4,4,56,49
"643",643,"R_2Sc6fq0Xs6eVcuk","Rep",0,"neg",3,0,2,69,65
"644",644,"R_2SfyzlrI8ZDXC2P","Rep",0,"neg",3,3,3,63,46
"645",645,"R_2SlilP28jN833Ag","Rep",1,"neg",3,0,3,74,53
"646",646,"R_2Srj4iFtXeu5cOe","Rep",0,"pos",1,7,7,67,71
"647",647,"R_2sXy9QEpv92HHCJ","Rep",0,"pos",3,6,2,65,56
"648",648,"R_2tD20w9JduA8h17","Rep",0,"neg",3,9,10,53,55
"649",649,"R_2tn75Zj3b4dBLUn","Rep",0,"neg",3,6,5,54,59
"650",650,"R_2torwKhV3Dpw4mJ","Rep",0,"neg",2,4,0,53,45
"651",651,"R_2trRdHewSdiZpMY","Rep",0,"pos",3,0,2,72,61
"652",652,"R_2twXLuIHwdXMObg","Rep",0,"neg",2,20,20,78,72
"653",653,"R_2TXmNccEV4sNVMT","Rep",0,"neg",2,2,1,60,70
"654",654,"R_2U9rWkUTtvC3rII","Rep",1,"neg",2,5,5,50,56
"655",655,"R_2UbCTtwJGWgYTDG","Rep",0,"neg",1,12,15,51,54
"656",656,"R_2Ugg2DxWCuwD4uW","Rep",0,"neg",2,5,3,67,61
"657",657,"R_2uO6xEPqRsOaub9","Rep",0,"neg",2,2,2,60,60
"658",658,"R_2V2XNd5KeHStqbG","Rep",0,"neg",2,15,15,65,60
"659",659,"R_2VCnhUVAaweHHIB","Rep",0,"pos",2,3,6,80,54
"660",660,"R_2Vg6lYBIf7p3HeO","Rep",1,"pos",3,2,2,68,61
"661",661,"R_2viSYYcMerTK3yh","Rep",1,"neg",1,3,0,62,63
"662",662,"R_2vj2FbegpOmH2Dg","Rep",0,"pos",3,2,2,57,45
"663",663,"R_2VQFGgcjjpVDXKH","Rep",1,"neg",2,6,6,54,60
"664",664,"R_2VxqUBbvZ0Y1Nrm","Rep",0,"neg",3,9,10,66,60
"665",665,"R_2Vxrc1JJoglOeMU","Rep",0,"neg",2,2,3,79,61
"666",666,"R_2VyCDvSx17YbThT","Rep",1,"pos",3,0,2,57,69
"667",667,"R_2w17IArQ2eTkFrm","Rep",0,"neg",3,2,3,56,54
"668",668,"R_2wmnmcrCi4c1SzZ","Rep",0,"neg",3,7,6,68,65
"669",669,"R_2wnqLBH303kPpKN","Rep",0,"neg",2,2,2,100,83
"670",670,"R_2WPuS4GH4Diubkx","Rep",1,"neg",3,4,4,54,51
"671",671,"R_2wRFMrriuuiLRcz","Rep",0,"neg",3,5,5,75,70
"672",672,"R_2WThYkH4LKLOgRj","Rep",0,"pos",1,0,7,60,68
"673",673,"R_2X5o1YJ2BUVVmr2","Rep",0,"pos",2,4,4,50,50
"674",674,"R_2xCSsPwAMfKibPU","Rep",0,"neg",2,3,3,65,64
"675",675,"R_2xWPXo9kSZNJJSg","Rep",1,"neg",1,3,0,23,100
"676",676,"R_2Y4yo7udRJIMw9F","Rep",1,"pos",3,3,3,65,45
"677",677,"R_2YabLiZQsXlNviE","Rep",0,"neg",3,2,2,65,53
"678",678,"R_2Yci0o7Pa95Zivc","Rep",0,"neg",3,36,1,63,65
"679",679,"R_2yd2CBAZMkKd2VP","Rep",0,"pos",3,3,0,74,54
"680",680,"R_2YEu3npEW4ADYc4","Rep",1,"pos",1,3,1,52,71
"681",681,"R_2YJ8JoVjvaZiNjc","Rep",1,"pos",3,4,4,49,73
"682",682,"R_2YM0YVAFlQjxTHt","Rep",0,"pos",3,1,4,73,60
"683",683,"R_2Ym314lQelb7buk","Rep",0,"neg",1,36,28,50,58
"684",684,"R_2YmNWoVYGTFzz0v","Rep",1,"pos",1,0,2,70,69
"685",685,"R_2z8PmOIPFVxSIMx","Rep",0,"neg",2,2,0,66,63
"686",686,"R_2zAdiVaZj7DtVwL","Rep",0,"neg",2,3,3,52,51
"687",687,"R_2zByVJFxW1HHjOj","Rep",0,"neg",3,1,1,65,63
"689",689,"R_2ZElXdSC6YZ65Hx","Rep",0,"pos",3,0,6,68,60
"690",690,"R_2zf0MFyXeP20Ati","Rep",1,"pos",1,5,4,59,76
"691",691,"R_2zhyYxEdm2qj4hM","Rep",0,"pos",1,3,3,68,66
"692",692,"R_2ZIxotmML2BXACE","Rep",0,"pos",3,13,13,71,60
"693",693,"R_2zkkMY8s0f8dRSM","Rep",1,"pos",3,7,7,65,70
"694",694,"R_31oQqSiIGQt6wCB","Rep",0,"pos",1,2,2,88,28
"695",695,"R_31XTXBy4Xunsx0z","Rep",0,"neg",1,0,2,57,62
"696",696,"R_325clhNmHxIStVQ","Rep",0,"pos",2,6,6,52,50
"697",697,"R_32PDnIqJKVInqSt","Rep",1,"neg",1,5,5,58,68
"698",698,"R_32VNpDDnU2vTo10","Rep",0,"pos",3,5,4,70,44
"699",699,"R_330RX9NaXUNt0os","Rep",1,"pos",3,3,3,74,67
"700",700,"R_338vTOlJzQQYeKd","Rep",0,"neg",2,6,6,70,37
"701",701,"R_33d0zPlsrsAyoui","Rep",0,"pos",1,23,23,57,68
"702",702,"R_33EILTSpqhYsY2A","Rep",1,"pos",1,2,2,65,64
"703",703,"R_33mzcGmmfCchQys","Rep",1,"pos",3,4,5,75,69
"704",704,"R_3CBlnT93UWJy6Pf","Rep",0,"pos",2,9,8,69,66
"705",705,"R_3CEmmeOOLibVosq","Rep",1,"pos",1,5,5,82,68
"706",706,"R_3CN6jxR8GtZpb81","Rep",0,"neg",2,8,8,57,65
"707",707,"R_3D1GfUUG0E0DvF5","Rep",0,"pos",1,5,5,60,80
"708",708,"R_3D5bg7jxuLaqehq","Rep",0,"neg",2,5,5,86,32
"709",709,"R_3dRZQrMJMIablUA","Rep",0,"neg",2,2,0,65,75
"710",710,"R_3dXp0F5Dw1b7AiV","Rep",1,"neg",2,8,8,65,60
"711",711,"R_3e0GqMvFtcvJFNn","Rep",0,"neg",2,2,2,61,61
"712",712,"R_3E9LgsxkIBEkOgl","Rep",0,"pos",1,1,2,62,76
"713",713,"R_3e9Xmt5O7t562hb","Rep",1,"neg",1,3,3,80,50
"714",714,"R_3eghx9AzmISf1a4","Rep",1,"pos",3,6,6,59,60
"715",715,"R_3ekSaFyRuaAJYwF","Rep",1,"neg",2,4,4,65,57
"716",716,"R_3elQc6mtprROSCQ","Rep",0,"pos",3,2,0,61,50
"717",717,"R_3Eou7oCUNafudNJ","Rep",0,"neg",3,8,6,69,63
"718",718,"R_3Esh0utVczfXUfh","Rep",0,"neg",2,2,0,49,61
"719",719,"R_3ezsiXuHmnnSk9r","Rep",0,"pos",1,2,1,56,62
"720",720,"R_3fAJ2DzOboxWOAX","Rep",0,"pos",2,4,3,60,40
"721",721,"R_3fDxBPr63ao5Nnp","Rep",0,"neg",1,5,6,63,67
"722",722,"R_3fHkYWxk11FWxOX","Rep",0,"pos",1,1,2,77,68
"723",723,"R_3fK6B40SAF2q2kD","Rep",0,"neg",2,5,5,68,55
"724",724,"R_3FK7UKDjuJLThgV","Rep",0,"pos",1,3,3,61,75
"726",726,"R_3foE4ypUA8bkiqn","Rep",0,"pos",1,13,12,72,71
"727",727,"R_3fOXYAIFIqN02CL","Rep",1,"neg",2,3,2,60,64
"728",728,"R_3frTEiSaRhuSZgY","Rep",1,"neg",3,3,5,64,54
"729",729,"R_3G3C4qov6o6YMmT","Rep",0,"pos",1,6,6,67,58
"730",730,"R_3g70h15VV6Sq0SU","Rep",0,"neg",3,10,14,60,43
"731",731,"R_3GixcBrbOuvsKlp","Rep",0,"pos",3,4,4,76,50
"732",732,"R_3gTuclVgUSnaRy9","Rep",0,"neg",3,16,0,61,56
"733",733,"R_3gZSYiQxUaog09Y","Rep",0,"neg",2,2,2,60,50
"734",734,"R_3h6DEx52PITAWex","Rep",1,"pos",3,7,7,68,57
"735",735,"R_3HAXKVIbbpDn8kZ","Rep",0,"neg",2,2,1,63,63
"736",736,"R_3hGTYoLoEN7LSsX","Rep",0,"pos",3,3,0,68,55
"737",737,"R_3HOoYSmAOsblw4X","Rep",0,"pos",1,6,5,61,44
"738",738,"R_3HqaMmgLZoXr2ci","Rep",0,"neg",3,1,1,54,56
"739",739,"R_3htnNNEpPwgFkva","Rep",0,"neg",2,2,2,59,61
"740",740,"R_3I6xlaOH6HGik45","Rep",1,"neg",3,4,4,64,50
"741",741,"R_3IbHr9ZCwzWFH5i","Rep",1,"neg",3,4,0,66,48
"742",742,"R_3iI2vcTHA1YRoCa","Rep",1,"pos",1,4,4,65,65
"743",743,"R_3iKiOa52nYWPhIj","Rep",0,"pos",3,7,7,31,19
"744",744,"R_3iqXBZ9JUAlPL25","Rep",0,"pos",3,0,11,75,49
"745",745,"R_3iWkSrlnVlt6B77","Rep",1,"pos",3,3,3,68,61
"746",746,"R_3ix0bzW73LU8W2q","Rep",1,"pos",1,2,1,75,70
"747",747,"R_3iy7aGyja6Zizmx","Rep",0,"pos",1,3,0,65,68
"748",748,"R_3J9kZOOPWLDEajB","Rep",0,"pos",1,2,1,70,65
"749",749,"R_3JeL5MtPwUYwxfY","Rep",1,"neg",2,9,9,60,58
"750",750,"R_3JhkHzq6hB8cfjJ","Rep",1,"pos",2,1,1,71,37
"751",751,"R_3JJY63cibC5euEL","Rep",1,"pos",1,14,16,66,68
"752",752,"R_3Jqqg5ZLIn2hQ1y","Rep",0,"neg",3,5,4,76,47
"753",753,"R_3Jqqpz4oXMCAtvM","Rep",1,"neg",2,7,5,65,65
"754",754,"R_3jSUxdEW96SgCit","Rep",1,"neg",2,1,1,66,62
"755",755,"R_3jSw9EfQ22MHV8w","Rep",1,"neg",2,8,8,63,59
"756",756,"R_3JwTecO1rJ8pTzt","Rep",0,"pos",1,2,2,60,66
"757",757,"R_3kiEvgvPoy0hlJr","Rep",0,"pos",1,20,18,72,66
"758",758,"R_3KJwoujefNvMQJT","Rep",0,"pos",3,5,3,67,20
"759",759,"R_3kLKZJ0udanGldx","Rep",1,"pos",1,10,9,40,58
"760",760,"R_3kM7e3ifwoBSBJF","Rep",0,"pos",3,3,2,70,64
"761",761,"R_3Kwn2XsJF4oLGet","Rep",1,"pos",1,4,4,49,88
"762",762,"R_3LefV9Iw0jyM1hD","Rep",0,"neg",1,7,3,73,60
"763",763,"R_3Lj633VoMx9V2Dc","Rep",0,"neg",3,8,6,92,71
"764",764,"R_3lQTx2gUuzmG4r1","Rep",0,"neg",1,3,3,96,98
"765",765,"R_3lVLpdKOvSAuT3U","Rep",0,"neg",2,6,3,54,65
"766",766,"R_3lW6X1VSVfkNPd3","Rep",0,"pos",3,5,5,75,59
"767",767,"R_3lX2DfChM1Ec8q0","Rep",0,"neg",2,3,4,60,68
"768",768,"R_3lzzOCzyUxDnzmy","Rep",0,"neg",1,8,8,61,92
"769",769,"R_3M4lw3bM51otyqm","Rep",1,"pos",2,3,2,64,93
"770",770,"R_3Mb47HZaP5C7mbT","Rep",0,"neg",3,4,4,73,68
"771",771,"R_3MnTpiNSkimFIwF","Rep",1,"pos",1,9,0,57,75
"772",772,"R_3MtjuV9HKxkibIB","Rep",0,"neg",3,1,1,69,55
"773",773,"R_3n7yMoEX06DPMSd","Rep",0,"pos",3,0,4,71,71
"774",774,"R_3NJ5pjRngLSQJYv","Rep",1,"neg",2,3,0,64,55
"775",775,"R_3NKdEeoUQ29Ary4","Rep",0,"neg",1,1,1,54,65
"776",776,"R_3NKy7HjH2rCq4gM","Rep",1,"neg",3,2,2,65,80
"777",777,"R_3NPb6ORwlOGipuI","Rep",0,"neg",3,3,1,69,68
"778",778,"R_3nPeKhnCID0zDFo","Rep",0,"neg",1,1,3,61,54
"779",779,"R_3O0lrKyZdO4bZYF","Rep",1,"pos",1,1,1,64,71
"780",780,"R_3O6VVCmOR5viTJX","Rep",0,"neg",3,3,4,77,72
"781",781,"R_3O8lJXWTTo57z5J","Rep",1,"pos",3,5,4,69,62
"782",782,"R_3oNgYC51I1xG1JA","Rep",0,"neg",2,0,2,60,60
"783",783,"R_3Oqsm51tYyQ0S6V","Rep",0,"neg",2,6,5,69,82
"785",785,"R_3PCamGyI4HnJeMi","Rep",0,"pos",3,4,4,74,72
"786",786,"R_3PcMcIAAwHguRxw","Rep",0,"neg",3,2,2,70,75
"787",787,"R_3PGYGxcnoqqDkCA","Rep",0,"pos",3,13,13,63,51
"788",788,"R_3pigVzqGTCIp3BI","Rep",0,"neg",3,2,1,52,55
"789",789,"R_3PiwrRA4bRAhYTJ","Rep",1,"neg",2,6,0,62,73
"790",790,"R_3PjFUugEPfmCHE5","Rep",0,"neg",2,1,1,65,68
"791",791,"R_3Pn5T0aapvkqt1V","Rep",0,"neg",2,1,2,73,67
"792",792,"R_3Pp3NsS5EwERNfT","Rep",0,"pos",1,1,1,51,65
"793",793,"R_3pt1hMpb1dbxFND","Rep",0,"neg",2,0,13,59,63
"794",794,"R_3PtuISagNYkUlQj","Rep",1,"pos",3,4,4,75,71
"795",795,"R_3PWX4UjYE2Tuae8","Rep",0,"neg",3,4,3,60,67
"796",796,"R_3QFyQXdMF4m9tBT","Rep",0,"pos",2,0,3,64,63
"797",797,"R_3qgkH26PDHZtGBY","Rep",0,"pos",1,5,0,65,62
"798",798,"R_3qgqlm7VrF5sGTw","Rep",0,"neg",2,9,13,61,46
"799",799,"R_3qIMaswdVHKZPxK","Rep",0,"neg",3,11,14,64,71
"801",801,"R_3qQbTL1OUBfOoee","Rep",0,"pos",2,12,12,62,53
"802",802,"R_3QVmWDUU9HA4G3M","Rep",0,"pos",1,5,0,71,45
"803",803,"R_3qy8vUTyplt86FO","Rep",0,"pos",3,3,3,79,55
"804",804,"R_3qyQoXCmrTlUxgV","Rep",1,"pos",1,3,3,64,67
"805",805,"R_3r1zLugfcAiGlZY","Rep",0,"neg",1,2,2,72,61
"806",806,"R_3r2MroSd1FMEUlH","Rep",0,"neg",1,3,1,66,63
"807",807,"R_3R8hpDQcihYVrUJ","Rep",1,"pos",3,4,0,63,60
"808",808,"R_3rf1H8WPXc7UbnP","Rep",0,"neg",3,0,4,55,62
"809",809,"R_3sbvmo3B1718N1p","Rep",0,"neg",2,5,4,62,58
"810",810,"R_3VkIN3ITjL28rjr","Rep",1,"neg",2,4,4,60,53
"811",811,"R_4IUOlWYz61FccBH","Rep",0,"neg",3,10,13,100,66
"812",812,"R_5bVy8ST3UHgRaA9","Rep",0,"neg",2,2,2,55,71
"813",813,"R_5iIdcJ0Gb3SBQoF","Rep",0,"pos",3,12,25,72,36
"814",814,"R_5tY6bMwewPGt8wF","Rep",0,"neg",3,4,4,64,68
"815",815,"R_6gpu9ZFRenVQYKZ","Rep",0,"neg",1,6,6,65,70
"816",816,"R_6GtJgY8kVOZ5rSV","Rep",0,"neg",2,8,5,55,60
"817",817,"R_6JwmvAujbCDaGWd","Rep",1,"pos",3,5,5,66,55
"818",818,"R_6nTi5VlTRwGpkTD","Rep",1,"pos",2,7,7,67,46
"819",819,"R_6QHqripyFchBGkV","Rep",0,"neg",1,2,3,51,61
"820",820,"R_6XqkKsEtKenfagx","Rep",1,"neg",2,5,5,82,41
"821",821,"R_74E2ZpwV2SAneKZ","Rep",0,"neg",2,7,4,68,69
"822",822,"R_7NDUDeCene9h7Ox","Rep",1,"neg",1,2,2,64,92
"823",823,"R_8cEjzbftDdlmOul","Rep",1,"pos",3,1,1,60,72
"824",824,"R_8jnpJ73cQrE5rgt","Rep",1,"pos",1,22,28,61,65
"825",825,"R_8nLMdHvC5RqjHcB","Rep",0,"pos",2,5,3,59,63
"826",826,"R_8pLNQj6gT0SuyaZ","Rep",1,"neg",1,18,18,60,68
"827",827,"R_9Br5sPcU0Igbqs9","Rep",0,"pos",2,6,6,64,65
"828",828,"R_a9jNtObDHepT7kl","Rep",0,"neg",1,7,6,55,62
"829",829,"R_Aj7PwJsCWgNR3a1","Rep",0,"neg",3,0,11,71,67
"830",830,"R_AnyjafwrKVyXk3L","Rep",1,"pos",3,5,0,75,64
"831",831,"R_ApOar66omy97rm9","Rep",1,"pos",3,4,0,38,60
"832",832,"R_AzKiAn6Mvnd28eZ","Rep",0,"neg",1,10,10,58,67
"833",833,"R_b7bgLmeohdqMIVz","Rep",0,"pos",3,5,4,67,75
"834",834,"R_BD2MHebmjn556OB","Rep",0,"neg",3,1,1,63,58
"835",835,"R_bDybYi9jbqEy3N7","Rep",1,"pos",1,8,8,57,55
"836",836,"R_bHs609pTsmqt9jH","Rep",0,"neg",1,4,3,62,69
"837",837,"R_Bs1um2eixLs8qgV","Rep",0,"neg",1,2,2,50,47
"838",838,"R_bsEkNApnvKQJ5gl","Rep",0,"neg",1,6,4,60,62
"839",839,"R_CkO4AFU7ccz47xT","Rep",0,"pos",3,0,7,70,62
"840",840,"R_cUSev2x4xgAib5f","Rep",1,"neg",3,10,9,68,64
"841",841,"R_d6iQ6i8tqfWLUlz","Rep",0,"neg",2,7,7,65,62
"842",842,"R_DeHknzMD31oWzBf","Rep",0,"pos",3,1,3,61,56
"843",843,"R_DMhVQVRl4sygUbT","Rep",0,"neg",3,9,10,65,57
"844",844,"R_DOEjj22RbbjCJAl","Rep",1,"neg",1,3,2,60,65
"845",845,"R_DTutFYqJyhLA3rr","Rep",1,"neg",2,4,3,77,59
"846",846,"R_eapv3B5BiCuyqEV","Rep",1,"neg",1,8,9,67,61
"847",847,"R_egnvLGr34g5UzrX","Rep",1,"neg",2,4,4,80,60
"848",848,"R_em7DBTU0ZGdKpHP","Rep",0,"pos",1,0,4,65,68
"849",849,"R_ePRSZwD9BGZ3WSJ","Rep",0,"pos",1,6,7,61,41
"850",850,"R_exES9DzU42mEVnb","Rep",0,"neg",1,5,5,50,60
"851",851,"R_OBdKcLmU1HGSDNn","Rep",1,"pos",1,4,3,65,80
"852",852,"R_OC4qyvPKKecsFxv","Rep",0,"neg",2,4,4,60,40
"853",853,"R_Oe3Uo33kT5zSfLz","Rep",1,"neg",2,5,4,55,53
"854",854,"R_oYN3QyoyOrPLe9z","Rep",1,"pos",3,11,13,70,55
"855",855,"R_pEmuv7vYkeWm2Wt","Rep",1,"pos",2,2,0,71,61
"856",856,"R_pRYWDmnoQrJXtT3","Rep",0,"neg",3,3,3,69,52
"857",857,"R_PTyWxhW1ynZLW01","Rep",0,"neg",1,3,3,52,60
"858",858,"R_PvOnPfQD1JiIBsB","Rep",0,"neg",1,1,4,60,77
"859",859,"R_PYSbOx7D5CbSTap","Rep",0,"neg",3,8,8,79,44
"860",860,"R_pzMTSXEMpNHCydj","Rep",0,"neg",2,4,5,100,71
"861",861,"R_qDXf51YvWe5lgC5","Rep",0,"neg",2,6,2,48,63
"862",862,"R_QmO3Se3S2TkHRRL","Rep",0,"neg",2,2,5,53,59
"863",863,"R_qOUWDAwizKyUxTH","Rep",0,"pos",1,10,6,75,72
"864",864,"R_rdIT4aUUwluvRy9","Rep",1,"neg",1,7,9,58,58
"865",865,"R_rdz3AIu952CeFlT","Rep",0,"pos",2,3,3,68,62
"866",866,"R_Rf2CeJ5uGNDJ7od","Rep",0,"neg",2,6,6,61,95
"867",867,"R_Rst5lwfmxyjFC7L","Rep",0,"neg",2,3,3,81,66
"868",868,"R_SB6PTZrBOKksfiF","Rep",1,"pos",1,4,4,57,65
"869",869,"R_sbBCIc171xVvZG9","Rep",0,"neg",3,9,9,71,64
"870",870,"R_SBjDCgjv4Xvt2hj","Rep",0,"pos",2,4,0,70,68
"871",871,"R_sBRa7d7knsNnONz","Rep",0,"neg",2,2,4,60,49
"872",872,"R_sLJJJELXy8Ews1P","Rep",0,"neg",1,1,2,58,64
"873",873,"R_sYhEEKCgN51yDcZ","Rep",0,"neg",1,2,2,59,63
"874",874,"R_T13DtPmSzvKD9Ml","Rep",1,"pos",3,3,3,60,62
"875",875,"R_tLmJn2ETNFAEAWB","Rep",1,"pos",2,7,8,53,69
"876",876,"R_TmTqsftGriBgvDz","Rep",1,"pos",1,6,6,44,75
"877",877,"R_TvDV4hZl47v2AGB","Rep",0,"pos",1,0,2,70,60
"878",878,"R_u4gYwMyZQ82E9Vf","Rep",0,"neg",3,4,4,65,45
"879",879,"R_u53bghE2hPJRzZ7","Rep",1,"neg",2,4,6,60,63
"880",880,"R_U9APkhsuMdykOUF","Rep",0,"neg",3,3,3,100,100
"881",881,"R_UgRYP9J22yPy9EJ","Rep",0,"neg",3,1,1,54,70
"882",882,"R_Um9a7tZcNFGkCYx","Rep",0,"neg",3,4,3,61,63
"883",883,"R_umhIpeg89Vt1QYx","Rep",0,"pos",1,4,2,71,59
"884",884,"R_UQKVBh9TbXgEiqJ","Rep",0,"pos",2,3,3,64,54
"885",885,"R_V3WE9RiT6L9hPH3","Rep",0,"neg",2,3,3,0,0
"886",886,"R_vTeSUfxHu8GpLAl","Rep",0,"neg",3,2,2,66,66
"887",887,"R_VUPlIPbJYuTDIUF","Rep",0,"neg",3,5,5,89,82
"888",888,"R_vYzCupSLEYJ33eV","Rep",0,"neg",2,4,2,60,50
"889",889,"R_vZ7h6rpQ3kYqcZX","Rep",0,"neg",1,7,7,60,65
"890",890,"R_W2TYscZcqNC0oSJ","Rep",0,"neg",1,6,6,63,64
"891",891,"R_W6bNw2tJKLAwwTL","Rep",1,"pos",1,6,4,60,64
"892",892,"R_W9Dum6mqZ6ah2YV","Rep",0,"pos",1,3,0,72,60
"893",893,"R_WCpk4QdlRdm2ZoJ","Rep",0,"pos",1,10,8,62,65
"894",894,"R_We9ekCoZDD3yy5z","Rep",0,"neg",3,7,8,66,60
"895",895,"R_WjmmujreMod2GsN","Rep",1,"pos",2,5,5,60,70
"896",896,"R_wLD23zsdYLvXpGp","Rep",0,"neg",3,2,2,67,76
"897",897,"R_wSsuqdS28slkNmp","Rep",1,"neg",1,6,0,55,65
"898",898,"R_wTxUWvLlUvOwfe1","Rep",0,"pos",3,5,4,65,57
"899",899,"R_WxGpyTK4CcVm4Pn","Rep",1,"neg",2,5,5,67,60
"900",900,"R_wZY5PVpG9Cfba0x","Rep",1,"neg",1,17,13,38,62
"901",901,"R_xE1DcFiTNBsCHJv","Rep",1,"pos",2,5,4,65,55
"902",902,"R_XhQ9BDPKcc3Oikx","Rep",1,"neg",2,3,3,64,54
"903",903,"R_xmUgfbjPDmBCSsx","Rep",1,"pos",2,3,5,77,50
"904",904,"R_XZkw7U8XcZMjxHH","Rep",0,"pos",3,10,10,61,49
"905",905,"R_xzlte96JshaJ237","Rep",0,"neg",3,2,2,64,50
"906",906,"R_Y31eIKNwETKvYe5","Rep",0,"neg",3,3,2,55,51
"907",907,"R_yBGVEP8iGfV0T1n","Rep",0,"pos",2,5,4,63,69
"908",908,"R_yqZ2PM85b2Vp865","Rep",0,"neg",2,1,6,43,64
"909",909,"R_yUc92aMzNXghC81","Rep",1,"pos",3,5,5,58,55
"910",910,"R_YWfBQoJsMqJggBr","Rep",0,"pos",1,8,8,53,72
"911",911,"R_yX4g3BJX7fhFS1z","Rep",0,"pos",1,3,3,64,64
"912",912,"R_Z7Ath8JasgSqXN7","Rep",0,"pos",1,11,10,71,70
"913",913,"R_Za7t0zkfhuOmZNv","Rep",1,"pos",3,11,7,70,70
"914",914,"R_ZgDkygG6YbO23Qd","Rep",0,"neg",3,7,7,61,61
