"","X","Participant","imp","Val","Condition","group","in_samples","out_samples","firstSample","In.Est","Out.Est"
"1",1,"R_033BftAKPgz9wtP","posOutgroup","pos",2,"dem",6,6,1,62,73
"2",2,"R_0Ng66QY9QcqXFcd","posIngroup","pos",1,"dem",10,10,0,40,66
"3",3,"R_10AyiiQ56y4ckq7","negIngroup","neg",2,"dem",1,0,0,64,62
"4",4,"R_10GDW1EcyPxUGWM","negIngroup","neg",1,"dem",2,2,1,74,66
"5",5,"R_10UwdRkOE7MqM5m","posIngroup","pos",2,"dem",6,8,1,55,62
"6",6,"R_10UYvX0ckkNzVM9","negIngroup","neg",3,"dem",4,4,1,72,60
"7",7,"R_10x9Ob845C3VAFU","posIngroup","pos",3,"dem",4,4,1,67,64
"8",8,"R_11aOMtBT4uc5svP","posOutgroup","pos",3,"dem",7,10,0,65,60
"9",9,"R_11gyJFTzgJeEdsq","negIngroup","neg",2,"dem",10,8,1,68,74
"10",10,"R_11ZnNmABCB2FJxf","negIngroup","neg",3,"dem",2,0,0,69,68
"11",11,"R_124QnQHJOfl6p2H","posIngroup","pos",3,"dem",5,5,0,68,71
"12",12,"R_12En14IiK2vX3Py","negOutgroup","neg",3,"dem",6,6,1,80,75
"13",13,"R_12lQZxT9G6g3DZR","negOutgroup","neg",1,"dem",1,2,0,56,72
"14",14,"R_12ojRLCZOifLkMQ","posIngroup","pos",3,"dem",4,4,1,77,61
"15",15,"R_12Sw1kMoAc5LoX7","posOutgroup","pos",2,"dem",1,3,0,62,58
"16",16,"R_1BUUvTXm4rTKjLe","negOutgroup","neg",1,"dem",4,4,1,53,65
"17",17,"R_1BVOfvgaANFKXnM","posIngroup","pos",2,"dem",14,13,0,70,65
"18",18,"R_1BY4R5fA1jRMWdy","negIngroup","neg",3,"dem",2,2,0,83,60
"19",19,"R_1C9efAQOqsGHOKJ","negIngroup","neg",1,"dem",17,11,0,61,66
"20",20,"R_1CEDIYMvvGLhqV0","posIngroup","pos",3,"dem",5,5,0,73,52
"21",21,"R_1CfFKLyIzgq6Gta","negIngroup","neg",2,"dem",2,0,1,60,60
"22",22,"R_1CguhcQn2h0plNP","negIngroup","neg",2,"dem",5,5,1,68,68
"23",23,"R_1CkYQvEU5FO4Irz","negOutgroup","neg",1,"dem",5,5,0,63,66
"24",24,"R_1CmwTN2NQK9L6DH","posOutgroup","pos",1,"dem",5,5,1,66,84
"25",25,"R_1Cr6dl8MoEV8rH4","negIngroup","neg",1,"dem",4,4,1,75,65
"26",26,"R_1CvHh1CiZMUk4G8","posOutgroup","pos",3,"dem",4,4,0,72,68
"27",27,"R_1cXGE2QlahRc3Nd","negIngroup","neg",2,"dem",5,2,0,60,65
"28",28,"R_1d9VahJcG42xTIa","negOutgroup","neg",1,"dem",4,4,1,72,62
"29",29,"R_1dGoFEGWmucpIHe","negIngroup","neg",2,"dem",3,3,0,66,47
"30",30,"R_1DHCbfanc0H7poM","posIngroup","pos",2,"dem",11,12,0,65,65
"31",31,"R_1dj0dBZq8yfOi3W","posOutgroup","pos",3,"dem",4,4,0,64,68
"32",32,"R_1dovhkRz4pCagI4","posOutgroup","pos",2,"dem",5,5,0,60,56
"33",33,"R_1dxX0f74LlXCqRY","posIngroup","pos",2,"dem",6,6,1,55,52
"34",34,"R_1dz4JhuGxxQegPk","posOutgroup","pos",1,"dem",3,3,0,60,79
"35",35,"R_1E0OaW0sohePmDn","negIngroup","neg",1,"dem",6,6,1,60,75
"36",36,"R_1eEpsCCWvevAE8J","posIngroup","pos",3,"dem",3,3,0,60,52
"37",37,"R_1eFQA62WMWmJuje","negIngroup","neg",3,"dem",1,1,1,64,49
"38",38,"R_1f1PGdEI76pEDo3","negOutgroup","neg",1,"dem",1,2,0,59,69
"39",39,"R_1F2MDN3GzTlVB1y","posOutgroup","pos",1,"dem",5,5,0,34,35
"40",40,"R_1F3dwCNL0PprcEo","posIngroup","pos",2,"dem",7,6,0,60,60
"41",41,"R_1F5591bRrvaJcDG","posOutgroup","pos",3,"dem",5,5,0,75,50
"42",42,"R_1f8AzMzwpYIpNzs","posOutgroup","pos",2,"dem",3,5,1,65,71
"43",43,"R_1FjihMH7kEuwTxD","posIngroup","pos",2,"dem",6,6,0,75,55
"44",44,"R_1fkEHinm4VLH96i","negOutgroup","neg",2,"dem",7,7,1,36,31
"45",45,"R_1fkZR5f1WPRfxEY","posIngroup","pos",3,"dem",5,5,0,70,68
"46",46,"R_1FrB0p7tvOS2SUf","negOutgroup","neg",1,"dem",3,3,0,61,69
"47",47,"R_1g6I6iiEwGahWgM","posIngroup","pos",3,"dem",3,3,0,88,65
"48",48,"R_1GBx4wbrNh7eJWl","posOutgroup","pos",3,"dem",13,13,0,71,66
"49",49,"R_1GBx9zTtCnXHQJK","negOutgroup","neg",1,"dem",3,3,1,60,60
"50",50,"R_1gbXvxFk4u9CtEs","posOutgroup","pos",2,"dem",3,4,0,66,54
"51",51,"R_1GNgJouDxWUYQFY","posOutgroup","pos",3,"dem",7,6,0,71,22
"52",52,"R_1goKCaeHxeCW2Ms","posOutgroup","pos",2,"dem",3,3,0,65,70
"53",53,"R_1GPlCooQTUzoEen","negOutgroup","neg",3,"dem",11,10,1,60,63
"54",54,"R_1gqFCypCCeA94Ph","posIngroup","pos",2,"dem",10,10,0,65,51
"55",55,"R_1hETMgOPTnhkFAM","negIngroup","neg",2,"dem",0,2,0,42,52
"56",56,"R_1hM7BjCYzZ7YbZB","posIngroup","pos",2,"dem",3,3,0,61,60
"57",57,"R_1HoeIo0FqRHrfa8","negOutgroup","neg",2,"dem",3,3,0,59,64
"58",58,"R_1hPSIRL26qADu0k","negIngroup","neg",1,"dem",7,8,0,49,79
"59",59,"R_1I42YakLZ1vRf5a","posIngroup","pos",3,"dem",2,2,1,62,53
"60",60,"R_1i98om0ocB6toSw","negOutgroup","neg",2,"dem",10,10,1,63,56
"61",61,"R_1iasNGbWqI7Cdsf","posIngroup","pos",1,"dem",3,3,0,60,65
"62",62,"R_1Ic6OE4FDykiPkd","posIngroup","pos",3,"dem",16,17,0,60,60
"63",63,"R_1Ig8v2N6ULsget0","posOutgroup","pos",3,"dem",6,6,0,75,65
"64",64,"R_1ikXFqSzBVkTVlW","negOutgroup","neg",1,"dem",3,3,1,70,30
"65",65,"R_1Ioa4DE6fLjfOoA","negIngroup","neg",1,"dem",5,5,0,70,69
"66",66,"R_1Iu3P8ZAhQs6pw1","posOutgroup","pos",2,"dem",3,3,1,66,60
"67",67,"R_1IXjm5PVGgy7A8B","negIngroup","neg",3,"dem",2,2,1,71,66
"68",68,"R_1IYMofYVW5WMrRT","posIngroup","pos",3,"dem",3,3,1,71,77
"69",69,"R_1JF1mO0Y6tmWr9o","posIngroup","pos",3,"dem",3,3,0,66,54
"70",70,"R_1JOUzpzQwYKGkSG","posIngroup","pos",1,"dem",0,5,0,54,68
"71",71,"R_1joZPf2TQqharp3","negIngroup","neg",3,"dem",9,7,0,65,66
"72",72,"R_1jP83gWLAFUWNEP","posOutgroup","pos",2,"dem",6,4,1,54,75
"73",73,"R_1jq3CATNsHe799W","posOutgroup","pos",1,"dem",2,1,1,55,84
"74",74,"R_1JUYbmDSWig8CbG","negIngroup","neg",1,"dem",23,18,1,100,82
"75",75,"R_1JVjr6g6yVPHtBB","negOutgroup","neg",2,"dem",4,3,1,46,62
"76",76,"R_1K1n7KjunQ02b2p","negIngroup","neg",3,"dem",2,4,0,60,70
"77",77,"R_1KeQUnRXfcDWzxf","negIngroup","neg",1,"dem",6,6,0,63,66
"78",78,"R_1KrUu067h0ZtTWL","posOutgroup","pos",2,"dem",15,13,0,58,71
"79",79,"R_1KwgYi27KhC7R30","negOutgroup","neg",3,"dem",1,4,0,64,54
"80",80,"R_1lc249AjpTJYApE","posOutgroup","pos",1,"dem",2,2,0,73,52
"81",81,"R_1LO0lNk68GKcxQN","posOutgroup","pos",3,"dem",9,0,1,77,60
"82",82,"R_1Lo3JGDuuknUL05","posIngroup","pos",3,"dem",6,0,0,69,74
"83",83,"R_1LosBCcbbOO9P7D","posOutgroup","pos",2,"dem",3,3,1,20,38
"84",84,"R_1mmUMXgvzxLyls6","negIngroup","neg",2,"dem",4,4,0,68,66
"85",85,"R_1MPXgXUTFQOKsWh","negIngroup","neg",1,"dem",3,3,1,56,67
"86",86,"R_1MQ9akaXG45j4DC","negIngroup","neg",2,"dem",6,5,1,75,70
"87",87,"R_1MSvVD3YiZN0Ik5","negOutgroup","neg",1,"dem",7,8,1,58,64
"88",88,"R_1mUaTIHMH52wQbu","negOutgroup","neg",3,"dem",5,5,1,65,50
"89",89,"R_1my21JVvRwmPKWw","posIngroup","pos",3,"dem",5,3,0,52,76
"90",90,"R_1N3VTvfGwYUtev6","negOutgroup","neg",3,"dem",4,1,1,68,65
"91",91,"R_1N4d7DbfspmrS87","posIngroup","pos",1,"dem",3,3,0,58,72
"92",92,"R_1ND2gL1GO1zvGJ4","negIngroup","neg",2,"dem",4,4,1,63,69
"93",93,"R_1NmsEGfzpSYaVYB","negIngroup","neg",3,"dem",5,5,0,70,72
"94",94,"R_1Nn9pjLS0LMrn22","negOutgroup","neg",2,"dem",3,3,0,68,47
"95",95,"R_1nTKbjjLZBwP4CB","posOutgroup","pos",1,"dem",10,9,0,53,65
"96",96,"R_1NzjDQ96sztwWKq","posOutgroup","pos",3,"dem",12,12,0,61,60
"97",97,"R_1NzuNw4BwmTpmbY","negIngroup","neg",2,"dem",11,6,1,66,68
"98",98,"R_1o6GkcTZKfBLttY","negOutgroup","neg",1,"dem",6,6,0,60,60
"99",99,"R_1OB6nrhp2XZMh4v","negOutgroup","neg",1,"dem",6,5,1,77,67
"100",100,"R_1oC5bGCd258VyEk","negOutgroup","neg",2,"dem",3,3,0,73,69
"101",101,"R_1ODnbPDj0OZ2tr3","posIngroup","pos",1,"dem",10,9,0,65,54
"102",102,"R_1odwZ08grL04X96","posIngroup","pos",1,"dem",6,5,0,60,65
"103",103,"R_1OHMGO9wEMPlRWS","negOutgroup","neg",2,"dem",12,11,1,63,60
"104",104,"R_1OKamkxf6ZaLNQl","posOutgroup","pos",3,"dem",2,2,1,60,55
"105",105,"R_1oo0jmJHwefItOx","posIngroup","pos",3,"dem",9,8,1,68,65
"106",106,"R_1OQ8ivKKXpHcKmT","posIngroup","pos",3,"dem",3,3,0,93,80
"107",107,"R_1otcDm6thTlrMay","negIngroup","neg",3,"dem",5,5,0,74,63
"108",108,"R_1oteflu7aTkAtyG","negIngroup","neg",3,"dem",5,5,1,60,60
"109",109,"R_1OWijP8h75rWojI","negOutgroup","neg",1,"dem",4,4,0,44,60
"110",110,"R_1P1t4Fcd7OHIgrW","negOutgroup","neg",3,"dem",7,10,0,70,70
"111",111,"R_1PbeU2lXoz2sOHk","posOutgroup","pos",1,"dem",7,7,0,63,66
"112",112,"R_1PbFubIQlkb0Jph","posIngroup","pos",3,"dem",1,1,0,65,60
"113",113,"R_1PbHfiyrdAPJyYH","negIngroup","neg",3,"dem",0,3,0,65,70
"114",114,"R_1pEhfjb4KSBXdu7","negOutgroup","neg",3,"dem",7,5,1,51,54
"115",115,"R_1PRCSAzvdcAVyuG","negIngroup","neg",1,"dem",4,4,1,60,66
"116",116,"R_1pRoQxn63dukO6Q","negOutgroup","neg",1,"dem",2,1,1,81,66
"117",117,"R_1PTyD4yxJlAuIZr","posIngroup","pos",2,"dem",0,3,1,64,71
"118",118,"R_1QbzKVn9GCHdjcZ","posIngroup","pos",1,"dem",1,1,1,67,73
"119",119,"R_1QgqQdicjmB8sSz","negIngroup","neg",2,"dem",2,1,0,75,65
"120",120,"R_1QhXYnFZa3Za62Z","posIngroup","pos",1,"dem",10,10,1,68,66
"121",121,"R_1QJCq030G6Ls9Qy","negIngroup","neg",3,"dem",2,0,0,58,63
"122",122,"R_1QL3hRqLtYGR0dn","posOutgroup","pos",2,"dem",1,1,0,69,61
"123",123,"R_1qVrUq8zkryUwbK","negOutgroup","neg",3,"dem",5,4,1,67,63
"124",124,"R_1r8laZFAyU710CU","negIngroup","neg",3,"dem",7,6,1,64,59
"125",125,"R_1rHX9lPVUetZis7","posOutgroup","pos",1,"dem",1,1,0,48,76
"126",126,"R_1rizCUQwEOFSE4A","negIngroup","neg",1,"dem",1,1,1,41,85
"127",127,"R_1rufTwmIQXSpiSq","posOutgroup","pos",1,"dem",2,2,0,55,55
"128",128,"R_1TjgSYjNpQyYpz3","negIngroup","neg",2,"dem",26,24,1,52,65
"129",129,"R_1ZzTBKYSeQ94zXr","negIngroup","neg",2,"dem",2,2,0,55,47
"130",130,"R_207gd04RsvNAzWV","posIngroup","pos",3,"dem",15,16,1,75,65
"131",131,"R_21aoFA9C6v9y0CV","negOutgroup","neg",1,"dem",2,2,0,73,73
"132",132,"R_21G2X7Vhb1UsqyF","negIngroup","neg",2,"dem",7,7,0,68,62
"133",133,"R_21iyJ6cr2IEMYaJ","posOutgroup","pos",1,"dem",5,7,0,64,75
"134",134,"R_21vpasxxVQszt9J","posIngroup","pos",2,"dem",5,4,1,68,62
"135",135,"R_22JrQoBBPki9MLC","negIngroup","neg",2,"dem",3,3,0,66,66
"136",136,"R_22lZab9DPpn43MU","posIngroup","pos",3,"dem",5,5,0,61,53
"137",137,"R_22LZUu0aQJcaBTh","negOutgroup","neg",3,"dem",4,4,0,72,65
"138",138,"R_23TNAzZNRqT99um","negIngroup","neg",2,"dem",6,4,1,77,60
"139",139,"R_23TuGCgBf2qt8Ph","posIngroup","pos",1,"dem",2,1,0,60,50
"140",140,"R_23VLrsXDsfQewNq","posIngroup","pos",2,"dem",10,10,0,65,69
"141",141,"R_23Vr9TxQIZlc6xM","posOutgroup","pos",1,"dem",9,12,0,59,69
"142",142,"R_247dcBwIZGuD246","posIngroup","pos",3,"dem",5,5,1,71,50
"143",143,"R_24dCtWRHl5PgRJZ","posOutgroup","pos",2,"dem",5,5,1,68,63
"144",144,"R_24OuR2tgviEgFxW","posIngroup","pos",1,"dem",5,5,0,57,65
"145",145,"R_24v0NkUTxx9xs0v","negOutgroup","neg",3,"dem",3,2,0,83,40
"146",146,"R_25BzUzaXg5eY2Rq","negIngroup","neg",2,"dem",5,3,1,65,62
"147",147,"R_25XRvJTuhDpf5BR","posIngroup","pos",2,"dem",1,0,0,62,66
"148",148,"R_263Ca4aYpgBl1bW","posOutgroup","pos",3,"dem",5,5,0,70,70
"149",149,"R_263lgf3HRuVkdT7","posOutgroup","pos",2,"dem",8,8,0,59,53
"150",150,"R_26gX6hvRgjtAhpF","negIngroup","neg",2,"dem",6,6,1,59,56
"151",151,"R_27arBeHMdiLUTfy","negIngroup","neg",2,"dem",2,2,1,71,77
"152",152,"R_27CNeOi03jodH06","posIngroup","pos",3,"dem",6,5,1,70,55
"153",153,"R_27gpMlMpZS4hvYA","negOutgroup","neg",3,"dem",6,7,0,68,72
"154",154,"R_27P9HBBGOoBvxMC","posIngroup","pos",2,"dem",7,7,0,65,57
"155",155,"R_27PbrtkHvrX9mNE","negOutgroup","neg",2,"dem",13,13,1,70,68
"156",156,"R_27QomhSeutFGOzQ","posIngroup","pos",3,"dem",0,7,0,70,63
"157",157,"R_27TOdvzPVZbMZ7Z","posOutgroup","pos",3,"dem",8,10,1,64,60
"158",158,"R_27yg2BwuQXZfyxV","posIngroup","pos",3,"dem",3,0,0,75,70
"159",159,"R_28AKTt3TFqsQbUp","posIngroup","pos",3,"dem",4,3,1,69,53
"160",160,"R_28MNwxqbIrodiG2","posOutgroup","pos",2,"dem",16,18,0,68,60
"161",161,"R_28OKY2ZNqheEuyw","negOutgroup","neg",3,"dem",6,6,1,62,62
"162",162,"R_28XUJNwZkj6rGVl","posIngroup","pos",3,"dem",1,1,0,68,60
"163",163,"R_2960ZQ89gKRzvNq","negIngroup","neg",1,"dem",2,2,0,84,65
"164",164,"R_29cXqckoRUzFkuI","negIngroup","neg",3,"dem",6,6,1,66,69
"165",165,"R_29udxU2rAdcfqF7","negIngroup","neg",2,"dem",11,12,1,54,64
"166",166,"R_29v3wmwEqKSOfBe","posOutgroup","pos",3,"dem",3,1,0,72,68
"167",167,"R_2akxgwNo4xSer5j","negIngroup","neg",2,"dem",10,7,1,63,60
"168",168,"R_2am2eYbwchqlU3j","posOutgroup","pos",3,"dem",8,7,0,65,61
"169",169,"R_2AXC2k3KGDZFNkV","negIngroup","neg",1,"dem",2,3,0,70,65
"170",170,"R_2ay7OYcE9rcqhfy","negIngroup","neg",2,"dem",5,5,0,73,62
"171",171,"R_2aypKnvzH4MkAGl","posIngroup","pos",1,"dem",4,4,0,71,63
"172",172,"R_2B3eqB31a4FDeaG","negOutgroup","neg",3,"dem",4,4,1,78,66
"173",173,"R_2bTPZMZhJhpFFpk","negIngroup","neg",3,"dem",3,3,1,70,69
"174",174,"R_2Cd1O4MpDYpF5qB","negIngroup","neg",1,"dem",1,1,1,83,64
"175",175,"R_2CDGaBZ8Kddmcgz","posOutgroup","pos",2,"dem",2,1,0,75,75
"176",176,"R_2CDgP9AbZOsHN2I","posIngroup","pos",1,"dem",7,4,1,87,62
"177",177,"R_2Cwig69B2rrjRdK","negOutgroup","neg",1,"dem",4,5,0,60,65
"178",178,"R_2cwSVvcaTuWYxwm","posOutgroup","pos",3,"dem",5,5,0,80,44
"179",179,"R_2dMEq0QmNyWkZZm","posIngroup","pos",1,"dem",4,4,1,54,53
"180",180,"R_2dsR7aQoIT4v6Zu","negIngroup","neg",3,"dem",16,16,0,64,60
"181",181,"R_2dSXBStUdDVo7U4","negOutgroup","neg",2,"dem",13,22,0,55,55
"182",182,"R_2DV1iqUDbL6mWfc","posOutgroup","pos",2,"dem",5,5,1,65,55
"183",183,"R_2E4eGOlNsnZcmYh","negIngroup","neg",3,"dem",5,6,1,70,65
"184",184,"R_2E73T8CJzyOdUDg","negIngroup","neg",1,"dem",2,3,1,82,62
"185",185,"R_2e9wRMw2JVlGwhG","negIngroup","neg",3,"dem",12,12,1,62,51
"186",186,"R_2EAG1QyCmyHK9JZ","negIngroup","neg",1,"dem",0,2,1,55,65
"187",187,"R_2EuZXHRagdq2uYO","posIngroup","pos",1,"dem",2,2,0,84,49
"188",188,"R_2f3CYMvXZ1RoTtF","posOutgroup","pos",3,"dem",4,4,0,75,50
"189",189,"R_2fBbnumPbic8btl","posIngroup","pos",1,"dem",10,10,0,55,55
"190",190,"R_2fDkmJsAgwlBOgV","negIngroup","neg",3,"dem",3,2,1,70,60
"191",191,"R_2fj5lyQzcVzz2aS","negOutgroup","neg",3,"dem",0,3,1,65,66
"192",192,"R_2flYqDmxhjs98oN","posOutgroup","pos",1,"dem",2,2,0,53,67
"193",193,"R_2ipjwHQy5yXybYd","posOutgroup","pos",2,"dem",9,7,1,59,72
"194",194,"R_2mc2A1g4pG1vQyZ","posIngroup","pos",1,"dem",5,4,1,58,59
"195",195,"R_2o5g8GzuHjIehXz","negIngroup","neg",2,"dem",1,0,1,64,64
"196",196,"R_2OHAQPhKrdr2GfF","negOutgroup","neg",3,"dem",12,12,1,76,64
"197",197,"R_2PcAy3mmA8lMjam","posIngroup","pos",2,"dem",10,10,0,70,65
"198",198,"R_2Phs0gnv0eMmJG9","posIngroup","pos",3,"dem",4,4,0,81,61
"199",199,"R_2q2RRfOJp7BXHyb","posOutgroup","pos",2,"dem",7,7,0,61,70
"200",200,"R_2qDFNZTKTZsGnbo","posIngroup","pos",3,"dem",3,3,1,76,63
"201",201,"R_2qej5jntGUmlCGO","posOutgroup","pos",2,"dem",3,3,1,65,70
"202",202,"R_2QEOBjvN7jF8hrZ","posOutgroup","pos",2,"dem",4,4,0,68,56
"203",203,"R_2qfax4Pnyd95k0P","negOutgroup","neg",3,"dem",5,4,0,63,57
"204",204,"R_2QuE3clJv2IlXLU","negOutgroup","neg",1,"dem",3,2,1,58,66
"205",205,"R_2QXv9x2BUtA2v0X","negIngroup","neg",1,"dem",14,13,0,66,73
"206",206,"R_2R3atSdm2AvM7ts","negOutgroup","neg",1,"dem",12,10,1,54,65
"207",207,"R_2R4Ue0Jdv6uZoHP","negOutgroup","neg",2,"dem",6,6,0,68,58
"208",208,"R_2R535aDJ3U6U0fs","negIngroup","neg",1,"dem",2,0,0,55,52
"209",209,"R_2ROLa62xk6kx3Ak","posOutgroup","pos",3,"dem",8,7,1,94,64
"210",210,"R_2rr1qo2W9Fs1wvU","posIngroup","pos",1,"dem",7,6,0,70,65
"211",211,"R_2rr2IzH6OymGRTf","negOutgroup","neg",2,"dem",12,12,1,66,62
"212",212,"R_2RUKPKcLUj3vhzB","posIngroup","pos",2,"dem",9,9,0,56,67
"213",213,"R_2rVj5IpJrWNEkj5","negOutgroup","neg",1,"dem",1,1,0,52,78
"214",214,"R_2RWi9dmKt7gKEuc","negOutgroup","neg",2,"dem",4,4,0,73,74
"215",215,"R_2s49llHWSeRSMWR","posOutgroup","pos",2,"dem",0,4,1,65,55
"216",216,"R_2S7GLqcUaqO1Adk","posOutgroup","pos",2,"dem",3,3,1,65,63
"217",217,"R_2sb6xCURqYEJtcu","negOutgroup","neg",1,"dem",5,5,1,55,55
"218",218,"R_2SDAEn6ji67NFij","posOutgroup","pos",3,"dem",6,7,0,56,51
"219",219,"R_2SJkf0wFkGGwHLr","negIngroup","neg",2,"dem",6,6,1,68,74
"220",220,"R_2sXgp8JnCFgbwl4","posIngroup","pos",1,"dem",3,0,0,62,70
"221",221,"R_2sZpMMa8NJwrOEk","negOutgroup","neg",1,"dem",6,8,1,65,65
"222",222,"R_2t2Rxf7EOleW53X","negIngroup","neg",2,"dem",12,1,1,70,40
"223",223,"R_2t4J2onWN3OqbVW","negOutgroup","neg",2,"dem",2,2,1,72,67
"224",224,"R_2t5tOAWhoPcVi4k","posIngroup","pos",2,"dem",2,0,1,85,75
"225",225,"R_2tmWFM9OomgOCKx","negOutgroup","neg",2,"dem",5,5,0,71,59
"226",226,"R_2TQP3DRDxgpySlK","posOutgroup","pos",2,"dem",17,15,1,60,60
"227",227,"R_2U6m5f5G5r3lo5Z","posIngroup","pos",3,"dem",2,2,0,71,54
"228",228,"R_2UaXrROsInHHUSx","negIngroup","neg",3,"dem",7,5,1,69,54
"229",229,"R_2UghoCJBoDzdtq2","negOutgroup","neg",3,"dem",6,6,1,79,71
"230",230,"R_2uPoBFPhQD8625t","posOutgroup","pos",2,"dem",5,4,0,69,65
"231",231,"R_2uQVP6W5MbIyii9","negIngroup","neg",2,"dem",8,4,1,70,68
"232",232,"R_2usP9Nn8hYeHau3","posOutgroup","pos",2,"dem",4,4,0,61,67
"233",233,"R_2vbNUdl0EvtxHAF","negOutgroup","neg",3,"dem",6,5,0,73,71
"234",234,"R_2vcvueq44hxVcZ4","negOutgroup","neg",1,"dem",5,6,0,60,66
"235",235,"R_2VIo0tVzOqLO1IJ","negIngroup","neg",1,"dem",9,10,1,60,61
"236",236,"R_2viUl7leInyyQdd","posOutgroup","pos",3,"dem",9,9,0,66,55
"237",237,"R_2VOUCiN41LeXsSC","posIngroup","pos",2,"dem",3,6,0,66,64
"238",238,"R_2VpvEE1h0Ltnt7H","negIngroup","neg",2,"dem",4,3,1,56,54
"239",239,"R_2VQuGBysvolx2U6","posIngroup","pos",2,"dem",3,3,1,64,65
"240",240,"R_2Vsu17rEkH5GdWh","negOutgroup","neg",3,"dem",3,4,0,70,58
"241",241,"R_2VsWUza51KvUq32","negOutgroup","neg",2,"dem",2,1,1,55,52
"242",242,"R_2VvTCtxrxonnnZ4","negIngroup","neg",1,"dem",7,7,1,80,73
"243",243,"R_2Vyjw6hc69jOyOQ","negIngroup","neg",2,"dem",4,4,1,66,62
"244",244,"R_2vZd2BJZed3RMyt","negOutgroup","neg",3,"dem",0,7,0,75,70
"245",245,"R_2w5FTRu47LlAECS","posOutgroup","pos",3,"dem",2,2,0,73,62
"246",246,"R_2w6KCVmQm5nPBbj","posIngroup","pos",3,"dem",1,1,0,70,64
"247",247,"R_2wAC9t8JkhFoCqe","negIngroup","neg",2,"dem",10,7,1,55,52
"248",248,"R_2wi6kfSZg3rXYGL","negIngroup","neg",2,"dem",4,4,0,68,61
"249",249,"R_2wpdYub4dfMKFt4","posOutgroup","pos",1,"dem",3,0,0,61,61
"250",250,"R_2WUc8QPDrkZTLih","negOutgroup","neg",1,"dem",7,7,0,56,73
"251",251,"R_2WwkkLJcP2dSAgz","posOutgroup","pos",2,"dem",6,7,0,88,75
"252",252,"R_2WZLk1NbILk2CsA","negIngroup","neg",3,"dem",4,4,1,63,55
"253",253,"R_2xGn899CjelgOs4","negOutgroup","neg",1,"dem",3,3,1,40,80
"254",254,"R_2Xj1vHtvoaEtjTw","posOutgroup","pos",2,"dem",6,6,0,66,0
"255",255,"R_2xLBFXSXkrn3sYl","posOutgroup","pos",1,"dem",5,6,0,60,77
"256",256,"R_2xMjCT823zRD1Q6","negIngroup","neg",2,"dem",4,5,1,46,62
"257",257,"R_2xRZauNNsxtIsq1","negIngroup","neg",3,"dem",3,3,1,85,59
"258",258,"R_2Yb5dd10g6RssOE","posOutgroup","pos",2,"dem",19,14,1,71,59
"259",259,"R_2yqDVRD04qb3Pu0","posOutgroup","pos",3,"dem",4,4,0,63,50
"260",260,"R_2YXlCtvA5uN7oQk","posIngroup","pos",2,"dem",4,3,0,59,65
"261",261,"R_2Yyr5nKYguSyjCi","negIngroup","neg",3,"dem",4,3,1,65,65
"262",262,"R_2z5yof1olpbTSn3","posOutgroup","pos",1,"dem",1,1,0,60,70
"263",263,"R_2z8tIrNmlsnfCWx","negIngroup","neg",2,"dem",7,5,0,75,86
"264",264,"R_2zCRr8DWZH0arSa","posIngroup","pos",1,"dem",2,2,1,72,65
"265",265,"R_2zFLCk44qBijPy5","negOutgroup","neg",2,"dem",10,10,0,67,51
"266",266,"R_2ZIiAYTIFdqgSn9","posOutgroup","pos",3,"dem",3,3,0,77,68
"267",267,"R_2ZJEzCc5ugWbon9","posOutgroup","pos",3,"dem",1,1,1,71,66
"268",268,"R_2zpEVA9nEMEOYp7","posIngroup","pos",3,"dem",3,3,0,69,60
"269",269,"R_2zqFQvNJx0ebjkh","posIngroup","pos",3,"dem",4,4,1,69,54
"270",270,"R_2zVhprvuGFcAw2u","negOutgroup","neg",2,"dem",9,7,0,62,54
"271",271,"R_2zXZWlen4DpYR6L","negIngroup","neg",1,"dem",2,0,0,74,56
"272",272,"R_2ZZW5GirbW9aWWw","negOutgroup","neg",3,"dem",7,7,1,70,75
"273",273,"R_3019TPCgtEQ0Sib","negIngroup","neg",1,"dem",6,6,0,35,29
"274",274,"R_301rQB3BuFXyZ3t","posOutgroup","pos",1,"dem",6,5,0,66,68
"275",275,"R_306KYtWv5U67WQK","posIngroup","pos",1,"dem",4,5,0,62,66
"276",276,"R_30dEjCb4dKRNDMX","negOutgroup","neg",3,"dem",4,4,0,55,53
"277",277,"R_30jcG4wGq5lHnGB","posIngroup","pos",1,"dem",6,5,0,60,70
"278",278,"R_30kJwa3ChCR4P4h","posOutgroup","pos",1,"dem",5,5,0,70,65
"279",279,"R_31aud0fGURj5LfH","posOutgroup","pos",2,"dem",5,5,1,75,67
"280",280,"R_31EHJW1tQ6che3U","posOutgroup","pos",3,"dem",0,3,0,63,50
"281",281,"R_31hAzs9sbYTdx7E","posOutgroup","pos",1,"dem",2,2,0,65,54
"282",282,"R_31pfhTgYUtnpbFx","negIngroup","neg",2,"dem",1,1,1,55,62
"283",283,"R_31QsozTPgB69jK4","posOutgroup","pos",1,"dem",3,3,0,51,56
"284",284,"R_337H3gST5wERVgp","negOutgroup","neg",1,"dem",4,3,1,52,65
"285",285,"R_33jdke7EK5YKunh","negIngroup","neg",2,"dem",7,7,0,67,59
"286",286,"R_33vbKqn5lFuVWMb","posIngroup","pos",3,"dem",1,0,1,60,65
"287",287,"R_33xPJuJn22LVOdz","posOutgroup","pos",3,"dem",0,2,0,69,57
"288",288,"R_3CC9lyyH3ieLlmH","posOutgroup","pos",3,"dem",9,7,0,68,53
"289",289,"R_3CDYSiEHd60YDPJ","negOutgroup","neg",3,"dem",11,8,1,66,62
"290",290,"R_3D7tdLBYejGfY1U","negIngroup","neg",3,"dem",10,11,0,75,63
"291",291,"R_3DcgDdq0ToP2FFj","posIngroup","pos",2,"dem",11,11,1,71,68
"292",292,"R_3Dhe8qQZAN4ZV3m","posIngroup","pos",1,"dem",4,3,0,56,60
"293",293,"R_3dKBTVoc90UgH7x","posOutgroup","pos",2,"dem",2,4,1,56,74
"294",294,"R_3DoL8x0jvNRod6J","negOutgroup","neg",2,"dem",2,0,0,52,57
"295",295,"R_3Dq3dCE2hVnrMPv","negOutgroup","neg",2,"dem",2,5,0,68,68
"296",296,"R_3DwtlQbDCrFoHpG","posOutgroup","pos",1,"dem",3,3,0,53,71
"297",297,"R_3dYP16f2NrkcqtS","posIngroup","pos",2,"dem",11,11,0,53,62
"298",298,"R_3e9Knv2hBDznC5B","posIngroup","pos",1,"dem",1,1,0,66,60
"299",299,"R_3EEHHj6z1vo8eOp","posOutgroup","pos",1,"dem",4,3,1,57,67
"300",300,"R_3elCIYD9CvqbMIV","negIngroup","neg",2,"dem",3,3,1,71,66
"301",301,"R_3EMEa8algBteyQB","negIngroup","neg",3,"dem",6,6,0,62,22
"302",302,"R_3EMgDNmAU8wJqEw","posIngroup","pos",1,"dem",5,5,0,65,72
"303",303,"R_3ENkaViscutdoy7","posIngroup","pos",2,"dem",2,2,0,55,49
"304",304,"R_3Et0mNV3Lrj3ao9","negOutgroup","neg",2,"dem",5,5,0,57,37
"305",305,"R_3F2OnY37UTKM8gq","negIngroup","neg",1,"dem",14,11,0,57,56
"306",306,"R_3fJgVXntW4Q5r5G","negIngroup","neg",2,"dem",5,5,0,72,59
"307",307,"R_3fjh5TERtUW2qer","posIngroup","pos",3,"dem",10,10,0,72,72
"308",308,"R_3fl3vz8x11pRNjY","posOutgroup","pos",3,"dem",10,9,1,64,51
"310",310,"R_3fPLD8GtVDYapA0","posIngroup","pos",1,"dem",12,1,0,60,68
"311",311,"R_3fr8YEuKQao1zId","posIngroup","pos",3,"dem",4,4,1,68,92
"312",312,"R_3FUNI5eSzsvjKRl","negOutgroup","neg",2,"dem",2,5,0,57,75
"313",313,"R_3FXa1ngzN0FhPHI","negIngroup","neg",3,"dem",2,3,1,68,59
"314",314,"R_3FXLYX2QIrujjWk","negIngroup","neg",2,"dem",13,12,0,62,56
"315",315,"R_3fZsYywQooUwx9h","posIngroup","pos",2,"dem",7,7,0,84,89
"316",316,"R_3fZxCqvN8OLzbQS","negIngroup","neg",3,"dem",7,7,0,71,50
"317",317,"R_3G3z7q6JK1mdecy","posOutgroup","pos",2,"dem",9,9,1,75,68
"318",318,"R_3GexBMOy5cN5g8F","posOutgroup","pos",2,"dem",1,0,0,70,65
"319",319,"R_3gN5UntmjDx8977","negOutgroup","neg",1,"dem",6,7,0,58,74
"320",320,"R_3h603L9zKybEX1P","negOutgroup","neg",1,"dem",0,5,0,67,64
"321",321,"R_3h6lUGMD1U1kndl","posIngroup","pos",1,"dem",7,6,0,67,75
"322",322,"R_3hArvmo5QAyS92H","negIngroup","neg",3,"dem",8,8,1,72,64
"323",323,"R_3hGVW1nKuWtBxz2","posOutgroup","pos",3,"dem",2,2,0,67,49
"324",324,"R_3HIAgd8tqxIidLW","negOutgroup","neg",2,"dem",7,7,1,59,66
"325",325,"R_3HMRupqVEiX63yy","negIngroup","neg",3,"dem",1,1,1,62,65
"326",326,"R_3I5yt9Yd7j54D8Q","negIngroup","neg",2,"dem",3,0,1,65,65
"327",327,"R_3I6qNyLqpbrDSo1","negIngroup","neg",3,"dem",6,7,0,57,53
"328",328,"R_3I78FCUSxsbsMxj","negOutgroup","neg",3,"dem",3,4,0,70,75
"329",329,"R_3j6Gw1KX4FAJuTE","negIngroup","neg",3,"dem",5,5,1,67,59
"330",330,"R_3j6QufcWr7S1E2V","negIngroup","neg",2,"dem",3,3,1,58,76
"331",331,"R_3JCNY77nW80hbyO","posOutgroup","pos",1,"dem",3,3,1,60,71
"332",332,"R_3JwLbMwK8homHyL","posOutgroup","pos",3,"dem",3,3,0,65,58
"333",333,"R_3JzbFkzqcqCQdCG","posIngroup","pos",2,"dem",11,13,1,55,61
"334",334,"R_3jZj95lsmbOHdTM","posOutgroup","pos",3,"dem",2,2,0,66,80
"335",335,"R_3kAqouVNui8Z9wM","posIngroup","pos",1,"dem",5,5,0,62,60
"336",336,"R_3KJSK2aSEcTzh4v","posOutgroup","pos",3,"dem",12,9,0,52,39
"337",337,"R_3KMUQlUOlmbBchm","negOutgroup","neg",1,"dem",7,7,0,59,65
"338",338,"R_3KNOVYjvn14KcbT","posOutgroup","pos",2,"dem",4,4,1,71,63
"339",339,"R_3KO6zu8zvK6or7T","negIngroup","neg",1,"dem",4,5,1,71,64
"340",340,"R_3KOpozJztvmskVo","negIngroup","neg",1,"dem",6,5,0,71,69
"341",341,"R_3L6fNTgmfOuDZS7","posOutgroup","pos",1,"dem",2,2,0,64,76
"342",342,"R_3l920bDiVjHkvsJ","negIngroup","neg",3,"dem",15,11,0,72,60
"343",343,"R_3LiPR4Lg1xz7Ddn","posIngroup","pos",2,"dem",7,4,0,66,73
"344",344,"R_3lQRgaeMalqbIoE","negIngroup","neg",1,"dem",4,3,0,68,52
"345",345,"R_3lVNNLGMWDjYduK","negOutgroup","neg",3,"dem",1,5,0,71,75
"346",346,"R_3LXTAT0ty1fkKmw","posOutgroup","pos",2,"dem",3,0,0,67,60
"347",347,"R_3M0vSBwKhOrHkae","posOutgroup","pos",2,"dem",15,0,0,61,68
"348",348,"R_3M40QYpATmW82hN","negIngroup","neg",2,"dem",2,2,0,54,71
"349",349,"R_3MboN7ly7cWd4po","negOutgroup","neg",2,"dem",4,4,1,65,44
"350",350,"R_3mf7SnNyWkW03JR","posIngroup","pos",1,"dem",6,6,0,50,60
"351",351,"R_3MFLsty61Oh7HsV","negIngroup","neg",3,"dem",3,1,0,70,63
"352",352,"R_3MhXlGecvwta8MP","posIngroup","pos",1,"dem",1,1,0,60,56
"353",353,"R_3MiftsdJ453XBZJ","negIngroup","neg",3,"dem",2,2,1,75,55
"354",354,"R_3Msdkw4SuluCa5I","negIngroup","neg",1,"dem",1,1,1,65,70
"355",355,"R_3MShjE4Z4DcisBK","negIngroup","neg",3,"dem",5,3,1,60,66
"356",356,"R_3n2Zf3zHt2bfyiQ","negOutgroup","neg",3,"dem",1,5,0,67,70
"357",357,"R_3nC2joU7yx4tCBa","posIngroup","pos",2,"dem",12,12,0,67,54
"358",358,"R_3nc2Q10VAbL9CtU","posOutgroup","pos",3,"dem",5,5,0,61,64
"359",359,"R_3nNamyx2ZpVxKBe","negIngroup","neg",1,"dem",3,2,1,69,61
"360",360,"R_3NQwPPUk66OcV9k","negOutgroup","neg",3,"dem",7,7,1,80,75
"361",361,"R_3nTq6F9xNhPagRW","posOutgroup","pos",1,"dem",6,0,0,66,60
"362",362,"R_3O3synMLBqxugVp","posIngroup","pos",3,"dem",6,6,0,75,52
"363",363,"R_3O9dVANPhBDfFcr","posOutgroup","pos",3,"dem",18,18,0,65,63
"364",364,"R_3Oe2rlRCrgIDnxt","posIngroup","pos",2,"dem",6,6,1,69,62
"365",365,"R_3Ofyg3EIFz0xxET","posIngroup","pos",3,"dem",7,7,0,72,64
"366",366,"R_3OiwqFyH2fcbKoz","negOutgroup","neg",2,"dem",5,5,0,67,62
"367",367,"R_3oLN4Ijsd0U974P","negOutgroup","neg",2,"dem",4,5,0,62,55
"368",368,"R_3oLSYBaJ9IO2yoM","posOutgroup","pos",1,"dem",6,6,0,54,61
"369",369,"R_3p5wqYJfpEVhaYd","posIngroup","pos",2,"dem",6,6,0,70,55
"370",370,"R_3PKWKVKA17BPXYa","posIngroup","pos",2,"dem",15,12,1,85,70
"371",371,"R_3plKe63bfMVdCAE","negOutgroup","neg",1,"dem",5,5,0,62,65
"372",372,"R_3PMg08yZ8FBhfMC","posOutgroup","pos",2,"dem",7,7,0,66,63
"373",373,"R_3PNYej7A7N8goxR","posOutgroup","pos",2,"dem",4,4,1,61,40
"374",374,"R_3PprqCuA88926Fg","posIngroup","pos",1,"dem",8,7,0,51,66
"375",375,"R_3proevqoQN5JyxD","negIngroup","neg",1,"dem",11,10,0,53,39
"376",376,"R_3pshtFpuceKmcpG","negIngroup","neg",1,"dem",11,7,1,58,70
"377",377,"R_3psxMG5KfZvJS0u","negIngroup","neg",1,"dem",10,10,0,56,78
"378",378,"R_3ptjHGyd0xfbyjx","negIngroup","neg",3,"dem",1,1,1,69,63
"379",379,"R_3pyVLxMqz1NtKAF","negOutgroup","neg",2,"dem",1,1,0,65,71
"380",380,"R_3PZiIxj5pypWUPs","negIngroup","neg",1,"dem",5,4,1,71,60
"381",381,"R_3qBEB3jZSPsR51N","negIngroup","neg",1,"dem",2,0,1,45,61
"382",382,"R_3qBsXZonOa0NvQV","posOutgroup","pos",3,"dem",8,8,0,71,63
"383",383,"R_3qg7tvkQghIP0bu","posIngroup","pos",2,"dem",13,0,1,70,44
"384",384,"R_3qII3DDtuxsh24H","posOutgroup","pos",2,"dem",6,6,1,60,66
"385",385,"R_3qJBHSNgo0HZ2Rx","posIngroup","pos",1,"dem",13,17,0,75,74
"386",386,"R_3QlNfZwzOOQeZsl","posIngroup","pos",1,"dem",7,8,0,50,60
"387",387,"R_3qTKYSmyMCGMl8a","negIngroup","neg",2,"dem",2,2,1,65,75
"388",388,"R_3QWO8nPu2oVaHyE","negIngroup","neg",1,"dem",5,5,1,75,65
"389",389,"R_3rGLXATHqTRfZJD","negIngroup","neg",3,"dem",4,4,0,70,50
"390",390,"R_3RmCykuh6SeCLYn","posIngroup","pos",2,"dem",4,2,1,62,62
"391",391,"R_3RsJs1t5AOwSi14","posOutgroup","pos",2,"dem",4,4,0,63,67
"392",392,"R_3rULRFNbNPwg9l8","negOutgroup","neg",1,"dem",3,3,1,80,35
"393",393,"R_3Rxcry2y8pWFCFG","posIngroup","pos",3,"dem",6,6,0,65,49
"394",394,"R_3shv3iJhfY5m52W","posOutgroup","pos",1,"dem",3,2,0,64,72
"395",395,"R_3spmG4OneExPDlW","posIngroup","pos",2,"dem",12,13,1,70,65
"396",396,"R_3W8teT7gcM4cm8V","posOutgroup","pos",1,"dem",7,7,0,60,73
"397",397,"R_40cRWDWRq05PRIJ","negIngroup","neg",1,"dem",3,3,0,55,60
"398",398,"R_41GKTIP2qXCMB3j","posIngroup","pos",3,"dem",5,5,1,70,65
"399",399,"R_4MBlsuD1gnpXwmR","negIngroup","neg",1,"dem",5,4,0,57,72
"400",400,"R_5bgG21eINeUBR2V","negOutgroup","neg",2,"dem",1,1,1,58,64
"401",401,"R_5ncoMJK0AygYzRv","negIngroup","neg",2,"dem",2,0,1,55,65
"402",402,"R_5tBNn08HSR3e0Kt","posIngroup","pos",1,"dem",8,10,0,75,70
"403",403,"R_6JMcoT5ocHqBhND","posOutgroup","pos",2,"dem",4,4,1,54,66
"404",404,"R_6Mg4D3TFOvlFhZL","negOutgroup","neg",1,"dem",0,1,1,68,75
"405",405,"R_6nHImLD0D2A0xJT","negIngroup","neg",1,"dem",4,4,0,42,69
"406",406,"R_6sBWFCZqunzkJPz","posIngroup","pos",2,"dem",7,6,1,69,69
"407",407,"R_6WpZqkWR4anVncR","posIngroup","pos",2,"dem",1,1,0,58,63
"408",408,"R_719LwTwdOM9s2I1","posIngroup","pos",2,"dem",2,2,0,60,50
"409",409,"R_71mXhmilL4jpHax","negIngroup","neg",1,"dem",2,1,0,58,64
"410",410,"R_82JmRXcRYBRzNTP","posIngroup","pos",3,"dem",5,7,0,75,65
"411",411,"R_85OjAUKgRNWY7qp","posIngroup","pos",2,"dem",5,2,1,61,50
"412",412,"R_9GNpTHs5nmZXozf","posIngroup","pos",2,"dem",7,7,1,80,53
"413",413,"R_9pHpRzKObQh6uEp","negIngroup","neg",1,"dem",8,6,1,63,68
"414",414,"R_9uV5SoewtQwQHU5","posOutgroup","pos",2,"dem",5,5,0,50,50
"415",415,"R_a3o7eLbTstWmrK1","negIngroup","neg",1,"dem",3,1,1,65,63
"416",416,"R_A4EifGXO0Bri1sl","negIngroup","neg",3,"dem",5,3,0,71,62
"417",417,"R_a5AmY1OWKnzLTtD","negIngroup","neg",2,"dem",3,3,0,47,42
"418",418,"R_a9pvkhoxafH9vTb","posOutgroup","pos",2,"dem",3,3,1,77,65
"419",419,"R_AhxyQdDpMHxdfCF","negOutgroup","neg",1,"dem",7,7,1,71,60
"420",420,"R_ApU1W7vEyCSTFuh","posOutgroup","pos",3,"dem",7,7,1,70,72
"421",421,"R_bCOIXT1OPMkX053","posIngroup","pos",2,"dem",10,10,0,72,61
"422",422,"R_bCq7AEqXgaks8aR","posIngroup","pos",3,"dem",5,5,0,58,58
"423",423,"R_BJt29ApHpPqxmkV","posOutgroup","pos",1,"dem",50,0,0,66,69
"424",424,"R_bKF3j0O2sVTBHr3","negOutgroup","neg",2,"dem",4,3,1,65,65
"425",425,"R_blytpCy0KdD18B3","posOutgroup","pos",3,"dem",3,3,0,72,68
"426",426,"R_bQrFWeDRG9UNod3","posOutgroup","pos",3,"dem",7,6,0,80,65
"427",427,"R_BRQwxcCJXPCpAm5","negOutgroup","neg",2,"dem",5,3,1,60,69
"428",428,"R_C90FcuTcbqAT1m1","posIngroup","pos",2,"dem",5,5,1,74,50
"429",429,"R_C9rVNWPjWesRjMt","negOutgroup","neg",3,"dem",5,5,0,75,70
"430",430,"R_CgFPBdn58UQ02LT","posIngroup","pos",1,"dem",5,5,0,67,66
"431",431,"R_cH2XANMA3qOincd","posOutgroup","pos",1,"dem",9,8,0,63,66
"432",432,"R_cSEFibr5NGJ63df","posOutgroup","pos",2,"dem",3,3,0,68,61
"433",433,"R_cx0nQOj23wsqC8F","negOutgroup","neg",1,"dem",6,6,0,59,67
"434",434,"R_D1TJgtUBU54inHb","negOutgroup","neg",1,"dem",15,14,1,65,68
"435",435,"R_d54mRazKCgxpuh3","posOutgroup","pos",1,"dem",4,7,0,58,58
"436",436,"R_D5Bqb51vsVsPZER","posIngroup","pos",3,"dem",3,3,0,72,59
"437",437,"R_D81WmlpZKRhIDvP","posIngroup","pos",1,"dem",6,6,1,65,69
"438",438,"R_dmaJAIq7hrgjlpT","posOutgroup","pos",1,"dem",6,5,1,60,70
"439",439,"R_eb5A5c6IvvFa3Sx","negIngroup","neg",3,"dem",2,2,0,65,60
"440",440,"R_eeZbBt3JgX0lqal","posOutgroup","pos",1,"dem",4,4,0,64,74
"441",441,"R_eJNAtbMYxtY6YKt","negOutgroup","neg",3,"dem",5,5,1,62,58
"442",442,"R_eqynR3wQE5Oavfj","negIngroup","neg",2,"dem",4,4,1,54,71
"443",443,"R_eWktFKJwuaE7ySZ","negOutgroup","neg",1,"dem",8,5,0,62,61
"444",444,"R_O8pGsb5dUtTItoJ","posOutgroup","pos",3,"dem",2,2,0,71,62
"445",445,"R_OO0rvrEMbzVLA9H","posIngroup","pos",1,"dem",5,3,1,47,63
"446",446,"R_OOrllyd6L3I7vNv","posOutgroup","pos",3,"dem",5,5,0,65,40
"447",447,"R_OPRrKDlSPRWlVXr","posIngroup","pos",1,"dem",4,0,0,65,60
"448",448,"R_OrFPh3VC9QMs5mp","posIngroup","pos",3,"dem",1,1,0,80,60
"449",449,"R_Os2qDbzXdUbkbTj","posIngroup","pos",1,"dem",4,4,0,68,65
"450",450,"R_Oy9qlVtfcj9bZS1","negOutgroup","neg",1,"dem",8,7,1,66,73
"451",451,"R_oZCfEcSgNAc2nzr","negIngroup","neg",2,"dem",3,2,0,70,80
"452",452,"R_p3hCOxxoyKb53gJ","negIngroup","neg",3,"dem",5,5,1,65,55
"453",453,"R_pF3mVdpd440CJR7","posOutgroup","pos",2,"dem",4,3,0,58,68
"454",454,"R_PHbTJAldYhDLAyZ","negIngroup","neg",1,"dem",5,5,1,58,68
"455",455,"R_PHvIPkohtVQ6HND","posOutgroup","pos",1,"dem",10,10,0,60,62
"456",456,"R_piSupwpkXJyREpr","posIngroup","pos",3,"dem",7,9,0,70,64
"457",457,"R_pJAwOhX5YRDaAZb","negOutgroup","neg",1,"dem",11,0,1,56,67
"458",458,"R_plKYGAEG4LCHEDD","posOutgroup","pos",3,"dem",6,5,0,50,65
"459",459,"R_poaNEfRdqOjuocp","posIngroup","pos",3,"dem",7,7,0,53,42
"460",460,"R_psGmGHi0tkdxvCF","negIngroup","neg",3,"dem",3,3,0,62,62
"461",461,"R_qLreqjDA3h5qYGB","negIngroup","neg",2,"dem",6,6,1,68,63
"462",462,"R_Qoc2tpfncNg2lnH","posOutgroup","pos",1,"dem",6,7,0,69,68
"463",463,"R_qQ46Tv1SyqEtyoN","posIngroup","pos",2,"dem",1,1,1,58,62
"464",464,"R_R35kzAkW255DHUJ","negIngroup","neg",1,"dem",3,3,0,70,75
"465",465,"R_r3yJhftgkcJx9gl","posOutgroup","pos",1,"dem",9,9,0,63,57
"466",466,"R_r6Jx2ERTEtFh7i1","posIngroup","pos",3,"dem",4,4,0,60,50
"467",467,"R_RDC2GaDLtrG4Iwh","negOutgroup","neg",2,"dem",4,3,0,65,33
"468",468,"R_rjUtQOZJFfeHKOB","negIngroup","neg",1,"dem",4,4,1,52,64
"469",469,"R_RkIN4DJ9j3UjDoJ","negIngroup","neg",3,"dem",4,4,1,59,55
"470",470,"R_RmDOf2aNukbF45P","negOutgroup","neg",2,"dem",12,9,0,59,65
"471",471,"R_RQYMUe0unDCUnHr","negOutgroup","neg",3,"dem",6,7,1,50,61
"472",472,"R_RzaGXF3fwIbETS1","negIngroup","neg",1,"dem",5,5,1,60,65
"473",473,"R_SAZlbgOXUQ2YyU9","negIngroup","neg",1,"dem",10,7,1,60,65
"474",474,"R_SCqpWBVxjGGIVKp","posIngroup","pos",3,"dem",1,4,0,78,68
"475",475,"R_SDZcQqx2PdJm2Bz","negOutgroup","neg",2,"dem",1,1,1,67,76
"476",476,"R_SIFoos8sTv0C5HP","posIngroup","pos",1,"dem",7,0,1,55,65
"477",477,"R_SIrT9WnzejsJLI5","posOutgroup","pos",3,"dem",4,0,0,69,54
"478",478,"R_T6Ort1JX8WJhAyd","negOutgroup","neg",2,"dem",11,11,1,67,64
"479",479,"R_TcqHjMizZxlfqXT","posOutgroup","pos",2,"dem",5,5,1,72,62
"480",480,"R_tGJbm0EdT4iZOHT","posOutgroup","pos",2,"dem",4,3,0,78,63
"481",481,"R_tWB0O0OKTMQyzVn","posIngroup","pos",2,"dem",0,2,0,72,53
"482",482,"R_u3UUyaYgzZ7Wohz","negIngroup","neg",2,"dem",1,3,1,60,65
"483",483,"R_u4XxlhPt8TYgvgB","posOutgroup","pos",1,"dem",2,1,1,88,55
"484",484,"R_ueHzLuUPlYJC0XT","posOutgroup","pos",1,"dem",9,9,0,92,9
"485",485,"R_UhjbypJnu5kaveN","posOutgroup","pos",3,"dem",4,4,0,63,60
"486",486,"R_uq6P9XVgaS7wm7D","negIngroup","neg",1,"dem",1,1,1,59,72
"487",487,"R_UQoaBgCGUikWiEV","posOutgroup","pos",1,"dem",5,5,0,82,61
"488",488,"R_UshPqUQtwXMXGed","negIngroup","neg",1,"dem",5,3,0,72,60
"489",489,"R_utcP3sWjyGkdP45","posOutgroup","pos",3,"dem",9,9,0,72,65
"490",490,"R_UubbynDhKDPIUiR","posOutgroup","pos",1,"dem",1,1,0,70,60
"491",491,"R_UWQe3hP4lZxXo0F","posOutgroup","pos",2,"dem",6,7,0,76,31
"492",492,"R_uzaNlEfsxS2xFWp","negIngroup","neg",2,"dem",3,2,1,68,64
"493",493,"R_VQhlqh8wrOcRhap","negOutgroup","neg",2,"dem",5,5,0,64,63
"494",494,"R_vwpJqvy6i2fi1fr","posOutgroup","pos",1,"dem",8,8,0,57,44
"495",495,"R_W3AIhUmPDbOM2EF","posIngroup","pos",1,"dem",9,9,0,65,72
"496",496,"R_w6Ryo6Dt30w7exz","negIngroup","neg",2,"dem",4,2,0,55,64
"497",497,"R_Wc9ZJhE5sOqHMgV","negOutgroup","neg",3,"dem",0,1,1,66,66
"498",498,"R_WcG316tiQ07Ra5X","posIngroup","pos",1,"dem",5,4,0,63,74
"499",499,"R_wNQD1gljVWmF8jf","posOutgroup","pos",3,"dem",5,4,0,76,40
"500",500,"R_wUmUueBbXKN2IOl","negOutgroup","neg",3,"dem",3,3,0,75,60
"501",501,"R_WxtRBA04Mtq9Bxn","negOutgroup","neg",1,"dem",2,2,0,44,70
"503",503,"R_XAhlCaEnCulwaDT","negOutgroup","neg",3,"dem",3,3,1,65,60
"504",504,"R_XFBdS9Ih0P0G1LH","posOutgroup","pos",2,"dem",5,5,0,65,65
"505",505,"R_xg8bLLy9NUo4V1v","negIngroup","neg",2,"dem",2,3,1,70,64
"506",506,"R_XiymaXyAEVonvWN","posOutgroup","pos",3,"dem",5,5,0,69,61
"507",507,"R_yIpIuOvFjUgMDBf","posIngroup","pos",1,"dem",4,4,0,60,50
"508",508,"R_yIsGjhByYblLsTD","negIngroup","neg",3,"dem",6,6,0,56,62
"509",509,"R_YPji2AGZT2mHZyF","negOutgroup","neg",3,"dem",3,3,0,54,70
"510",510,"R_ypZV7xE1yY8X2pz","posIngroup","pos",3,"dem",5,5,0,59,71
"511",511,"R_yz1y521yPNxOLex","negIngroup","neg",3,"dem",6,5,0,75,65
"512",512,"R_Z1AFprYqVL4iP6h","posOutgroup","pos",2,"dem",7,7,1,75,65
"513",513,"R_z2aYyOsG4RGCEAV","posOutgroup","pos",1,"dem",7,5,0,55,72
"514",514,"R_Z3OEQYeZF6ljWQF","negIngroup","neg",3,"dem",5,3,1,76,71
"515",515,"R_Z4R1t2E7060hX9f","negOutgroup","neg",3,"dem",3,4,1,64,73
"516",516,"R_ZJmAo2WSgeBf6xP","negOutgroup","neg",1,"dem",5,5,0,70,74
"517",517,"R_Zk7xolOze1bZFcJ","posIngroup","pos",1,"dem",0,4,0,70,75
"518",518,"R_ZKQOPuAgOuRpKCJ","posOutgroup","pos",3,"dem",18,12,0,69,67
"519",519,"R_ZsIMO8M6iZWdHzz","negIngroup","neg",3,"dem",3,3,0,85,65
"520",520,"R_ZyNSns5U6FDjqw1","negOutgroup","neg",1,"dem",11,11,1,78,69
"521",521,"R_02Hhh7veZ8JOIpz","negIngroup","neg",1,"rep",1,1,1,67,67
"522",522,"R_0eTPLeY7hm5Uq1H","posIngroup","pos",1,"rep",9,9,1,67,63
"523",523,"R_0P3rbQpYijrTLLH","posOutgroup","pos",2,"rep",9,8,0,60,60
"524",524,"R_10AhQy4Sd75ADly","negIngroup","neg",3,"rep",10,10,0,60,50
"525",525,"R_10DIGYpocGhyOD7","negIngroup","neg",2,"rep",0,7,1,49,63
"527",527,"R_10uODdzalMZJLag","posOutgroup","pos",3,"rep",6,4,0,29,49
"528",528,"R_110IymGlQfgUcxs","posOutgroup","pos",2,"rep",3,1,0,69,52
"529",529,"R_111NvQ58KZiWINi","posOutgroup","pos",1,"rep",2,0,0,64,70
"530",530,"R_1179q3OHTkP8Hsv","negIngroup","neg",1,"rep",2,2,1,50,75
"531",531,"R_11dyswiTUm78Y5F","negIngroup","neg",2,"rep",2,1,0,58,66
"532",532,"R_11iP7BYbWHtMRBq","posOutgroup","pos",1,"rep",8,9,0,89,77
"533",533,"R_11j7x4zkGRGJayu","negIngroup","neg",3,"rep",4,6,1,60,64
"534",534,"R_12AxGywo8Nkxq09","negOutgroup","neg",1,"rep",2,0,1,61,60
"535",535,"R_12kXxDONvB0nqfM","posOutgroup","pos",1,"rep",7,7,0,61,72
"536",536,"R_12nUv9I3Vc4JKBa","negOutgroup","neg",2,"rep",3,1,0,77,72
"537",537,"R_12tcW9rW3HC15L5","posIngroup","pos",2,"rep",6,5,0,88,77
"538",538,"R_12tEHS9JiUcF6u4","posOutgroup","pos",2,"rep",14,8,0,57,54
"539",539,"R_12u61kZXLspweet","posOutgroup","pos",1,"rep",12,6,0,69,68
"540",540,"R_1C1qkvbL1LgABEu","negIngroup","neg",1,"rep",2,0,1,55,65
"541",541,"R_1Ca67UTMBWtv6uE","posOutgroup","pos",3,"rep",1,1,0,66,0
"542",542,"R_1CCmnU7W58pXrJH","posOutgroup","pos",2,"rep",8,9,0,84,58
"543",543,"R_1cUpoO2ztgoXvVl","negIngroup","neg",2,"rep",17,19,1,60,72
"544",544,"R_1CwrOMmrLnAKy0Z","negIngroup","neg",3,"rep",3,3,1,79,61
"545",545,"R_1cXLcXzPI6TYsVo","negOutgroup","neg",2,"rep",1,1,0,29,30
"546",546,"R_1dAcgodPr5Prk7V","negIngroup","neg",2,"rep",6,6,0,74,68
"547",547,"R_1daCvI52RT8ftuM","posOutgroup","pos",3,"rep",6,6,0,68,63
"548",548,"R_1dEV5QI5z260d5a","posOutgroup","pos",1,"rep",2,3,0,60,65
"549",549,"R_1DFRGoGdTZfrksZ","posIngroup","pos",2,"rep",7,5,0,60,61
"550",550,"R_1Dpcvkn9wmpygRv","negOutgroup","neg",1,"rep",15,13,1,33,42
"551",551,"R_1dyI4PJnLJH5Sw7","posOutgroup","pos",3,"rep",1,2,0,92,70
"552",552,"R_1E5Q3OJ9HfPE87x","negOutgroup","neg",3,"rep",8,8,1,78,68
"553",553,"R_1eE3iX1DZJNKnoh","negIngroup","neg",3,"rep",2,2,1,79,63
"554",554,"R_1eLCvW4YMUEgy9O","negOutgroup","neg",1,"rep",3,3,1,70,61
"555",555,"R_1eUBHczKTYSvxCh","negIngroup","neg",3,"rep",5,6,1,24,100
"556",556,"R_1EWgUxJfBGnKtLD","negIngroup","neg",2,"rep",7,8,1,72,93
"557",557,"R_1EWOaXaExxJNX20","posOutgroup","pos",1,"rep",5,4,0,65,56
"558",558,"R_1EY6NRImhbsrH9W","posOutgroup","pos",2,"rep",5,5,1,65,71
"559",559,"R_1F3rvvpuh2EGrLw","negOutgroup","neg",2,"rep",2,0,0,55,60
"560",560,"R_1F3uNBgecnABOKv","posOutgroup","pos",1,"rep",8,6,0,65,71
"561",561,"R_1FEbD1rLT9qf3tz","posOutgroup","pos",2,"rep",4,5,0,65,54
"562",562,"R_1FJkvfRVT0Wticb","posIngroup","pos",3,"rep",0,6,0,84,68
"563",563,"R_1FONZupLYLk0DcW","negOutgroup","neg",3,"rep",7,4,0,76,65
"564",564,"R_1FzczM2CF7N8hBM","posOutgroup","pos",3,"rep",2,2,0,69,64
"565",565,"R_1g8zEFVzalhs2Vz","posIngroup","pos",3,"rep",2,1,1,55,49
"566",566,"R_1gABQPxFgGjcU0C","negOutgroup","neg",1,"rep",3,3,0,62,71
"567",567,"R_1gdrLmYniYoVtLF","posOutgroup","pos",2,"rep",6,4,0,68,62
"568",568,"R_1gMTGMXvKLgsMOe","posOutgroup","pos",3,"rep",1,1,0,72,60
"569",569,"R_1GNMWw0U4Jk7uHn","negIngroup","neg",3,"rep",3,3,1,70,70
"570",570,"R_1gOr0zcbGowwaWQ","posIngroup","pos",1,"rep",5,5,0,45,69
"571",571,"R_1GQhGuhhVHHzCDV","negOutgroup","neg",3,"rep",3,4,1,60,55
"572",572,"R_1GTFDTrRpwv1YGw","negIngroup","neg",2,"rep",9,9,0,85,75
"573",573,"R_1gzQNUdxHAoCEud","negIngroup","neg",1,"rep",5,0,0,70,30
"574",574,"R_1H2lQ4sr0HAteQk","negOutgroup","neg",1,"rep",8,15,0,75,58
"575",575,"R_1Hdz2A7pIFYYzS0","posIngroup","pos",3,"rep",2,0,0,67,66
"576",576,"R_1hHaBdtiAuBQAG2","posOutgroup","pos",3,"rep",8,28,0,67,68
"577",577,"R_1hR0WbjQ3o9OTCR","posOutgroup","pos",1,"rep",0,3,0,88,68
"578",578,"R_1i2HdCLFoOUW595","posOutgroup","pos",3,"rep",3,0,0,80,72
"579",579,"R_1i9xTGapWVWg8dL","posOutgroup","pos",2,"rep",6,8,0,76,46
"580",580,"R_1IaWlXRBsLwsLGb","negOutgroup","neg",3,"rep",6,6,0,65,59
"581",581,"R_1iepw7VdgypgYXV","negIngroup","neg",3,"rep",3,3,0,81,66
"582",582,"R_1IFQns8zSuTDIzt","posOutgroup","pos",1,"rep",4,4,0,74,66
"583",583,"R_1IGCrDgguzvm5QL","negIngroup","neg",1,"rep",8,3,0,70,70
"584",584,"R_1isqoih8wjrHGVj","negOutgroup","neg",3,"rep",7,8,1,75,65
"585",585,"R_1ItRcENyhR77FyV","negIngroup","neg",3,"rep",11,8,1,62,67
"586",586,"R_1IuF7aweo0fbMpf","posOutgroup","pos",1,"rep",2,2,0,64,71
"587",587,"R_1IyEqTLRHMQsOKa","negIngroup","neg",2,"rep",1,0,0,67,49
"588",588,"R_1j94clu6YA4d7yE","posIngroup","pos",2,"rep",8,0,0,55,65
"589",589,"R_1jcRoegJDqRND4W","posIngroup","pos",1,"rep",2,1,0,55,60
"590",590,"R_1jdqHy0YYjypKhq","negOutgroup","neg",1,"rep",5,3,0,76,66
"591",591,"R_1jGQjQbGRDGMyF3","posIngroup","pos",3,"rep",5,5,1,52,27
"592",592,"R_1juY7mcLI5JYF2d","negIngroup","neg",2,"rep",3,3,0,52,62
"593",593,"R_1jwyvRgnGg4BFre","negIngroup","neg",3,"rep",6,4,0,46,34
"594",594,"R_1K0BbshWThA47fk","negOutgroup","neg",3,"rep",1,1,0,68,56
"595",595,"R_1kFhZYxjRVBV6jz","posOutgroup","pos",3,"rep",5,4,0,71,53
"596",596,"R_1kGQuJUioWO1IyJ","negIngroup","neg",2,"rep",2,2,0,55,63
"597",597,"R_1kHPYLSo5Byp7j5","posIngroup","pos",1,"rep",2,2,0,57,70
"598",598,"R_1KqJEQHH8HXSyjy","posOutgroup","pos",2,"rep",7,7,0,71,57
"599",599,"R_1KxKc5Ei4vcYpKe","posIngroup","pos",2,"rep",4,0,0,62,70
"600",600,"R_1l9RaIQqXppTOxi","posOutgroup","pos",2,"rep",5,5,0,85,70
"601",601,"R_1LdKWY6MScIlxcC","posIngroup","pos",1,"rep",5,5,1,60,60
"602",602,"R_1LnyGNJoabUpleP","negOutgroup","neg",3,"rep",3,3,1,58,44
"603",603,"R_1LoGQHZtg4qLKBe","posIngroup","pos",3,"rep",4,0,1,61,60
"604",604,"R_1LpLmyrriAnNUp2","negOutgroup","neg",1,"rep",3,3,0,68,83
"605",605,"R_1lrt0cH3MREzERi","posIngroup","pos",3,"rep",1,1,0,70,70
"606",606,"R_1lv48xwzljsdH0B","posIngroup","pos",3,"rep",6,0,0,63,56
"607",607,"R_1mCNTIUAYOpDKIK","posOutgroup","pos",3,"rep",5,4,0,68,62
"608",608,"R_1MRjU7OFPfQiulg","negOutgroup","neg",1,"rep",7,6,1,67,65
"609",609,"R_1mWQ75yMUDqItn6","negIngroup","neg",3,"rep",10,13,0,72,59
"610",610,"R_1Ngm7YFhejL3n7Z","negIngroup","neg",3,"rep",7,3,0,71,70
"611",611,"R_1nUSrKjKmlqPU6M","posIngroup","pos",1,"rep",3,3,0,76,57
"612",612,"R_1o0DRSTMdfJAHJK","negIngroup","neg",1,"rep",5,5,0,55,71
"613",613,"R_1o6D0CDBW7SMflX","negOutgroup","neg",3,"rep",1,0,1,88,93
"614",614,"R_1ODdyMIzFeLAgZz","negOutgroup","neg",3,"rep",2,5,0,74,67
"615",615,"R_1oistqebJBu8Mm0","posOutgroup","pos",1,"rep",7,8,1,55,60
"616",616,"R_1OOBfMuIgzUBBEM","posOutgroup","pos",2,"rep",13,10,0,60,70
"617",617,"R_1opxAdzMGByp9wi","posOutgroup","pos",3,"rep",2,2,0,70,68
"618",618,"R_1OUiGgGFweMZYaw","negOutgroup","neg",2,"rep",4,4,0,100,14
"619",619,"R_1OZfYfNhUsGkqrb","posOutgroup","pos",3,"rep",1,1,0,66,66
"620",620,"R_1P5f4QW1ikffgRs","negOutgroup","neg",2,"rep",3,3,0,60,68
"621",621,"R_1PdAfHGyTfzUxyD","negIngroup","neg",2,"rep",6,5,0,39,40
"622",622,"R_1pGoiDSr3Qbl1sP","posIngroup","pos",2,"rep",5,7,0,55,62
"623",623,"R_1pmJ68HmDbYC8B3","posOutgroup","pos",2,"rep",31,6,0,31,47
"624",624,"R_1pMSOQCEqVnwKQ6","negIngroup","neg",3,"rep",3,2,0,90,91
"625",625,"R_1puoUNpikHVf1pD","negIngroup","neg",2,"rep",1,0,0,58,58
"626",626,"R_1pYSXlfLRiGo5HY","negIngroup","neg",2,"rep",5,5,0,69,78
"627",627,"R_1q2oFx5twNu9wmR","posIngroup","pos",3,"rep",4,4,1,76,70
"628",628,"R_1q2S4ICtR9kx8EU","negOutgroup","neg",2,"rep",2,1,0,75,68
"629",629,"R_1Q9FZDGRqsn8gKi","negIngroup","neg",3,"rep",5,6,0,68,61
"630",630,"R_1Qg9wa0Yd7FysjU","posIngroup","pos",1,"rep",2,2,0,75,66
"631",631,"R_1QKmF35HWkT8LM1","negOutgroup","neg",1,"rep",0,2,1,59,74
"632",632,"R_1QLOAS89i9hqA8Y","posOutgroup","pos",2,"rep",0,5,0,76,51
"633",633,"R_1QLp36ddFSkdee5","posIngroup","pos",2,"rep",0,2,0,56,82
"634",634,"R_1Qu9IUazdE0573b","posIngroup","pos",2,"rep",10,13,0,64,68
"635",635,"R_1QuWKVWke298Soj","negOutgroup","neg",1,"rep",2,1,0,57,58
"636",636,"R_1r0tYqlpR6g3hV3","posOutgroup","pos",1,"rep",5,5,0,59,71
"637",637,"R_1r1U4zkojdEF2A6","negIngroup","neg",3,"rep",2,2,1,65,72
"638",638,"R_1r6e1vOuuyOcnP9","posOutgroup","pos",2,"rep",7,8,1,62,54
"639",639,"R_1rBMmw1AIR3SXsa","negOutgroup","neg",1,"rep",5,5,1,64,73
"640",640,"R_1rBWCuVfXTT1sRV","posIngroup","pos",1,"rep",3,2,0,61,74
"641",641,"R_1rcAJPOPjdF0Pbp","negIngroup","neg",2,"rep",3,0,0,61,39
"642",642,"R_1rMOJxrP92hVHng","negOutgroup","neg",2,"rep",1,1,0,74,70
"643",643,"R_20MYePiertBvSwm","negIngroup","neg",2,"rep",4,4,0,65,47
"644",644,"R_20SPJFMi4N3xOEd","posOutgroup","pos",1,"rep",5,0,1,59,71
"645",645,"R_21sxYGFW9FoTqIX","negOutgroup","neg",1,"rep",4,0,1,70,85
"646",646,"R_21uMXouDp9FPJpY","negOutgroup","neg",2,"rep",3,3,0,66,44
"647",647,"R_21vqxUTzrxj2zUN","negOutgroup","neg",2,"rep",3,5,0,59,47
"648",648,"R_22DlI6HuYwdr9B8","negOutgroup","neg",3,"rep",5,5,1,64,71
"649",649,"R_22FE6qzqfHNV3Dd","negIngroup","neg",1,"rep",2,2,0,45,22
"650",650,"R_22KCRcaTPqw7FW5","posIngroup","pos",3,"rep",4,2,0,87,65
"651",651,"R_22L0Damem0Lyd95","negOutgroup","neg",2,"rep",3,3,1,60,53
"652",652,"R_22MvMiH0kift1S4","posIngroup","pos",2,"rep",6,7,0,68,58
"653",653,"R_22WIlGzBEM8N9jq","posIngroup","pos",1,"rep",2,0,0,54,58
"654",654,"R_23ag3hx5Y5k5T3o","negOutgroup","neg",2,"rep",9,9,0,63,65
"655",655,"R_23W7tNtDHRAxdHM","posOutgroup","pos",3,"rep",1,5,0,83,68
"656",656,"R_24FPnpEFSAO9KAN","negOutgroup","neg",1,"rep",3,3,0,71,38
"657",657,"R_24ki4rMy1kj2KGg","posIngroup","pos",3,"rep",9,9,0,69,61
"658",658,"R_24pCJkeVYMxiUnI","posIngroup","pos",2,"rep",7,7,0,56,57
"659",659,"R_24pes2LazEbjqpD","posOutgroup","pos",3,"rep",1,6,0,73,64
"660",660,"R_24uQlZ3SFuHQd9A","negIngroup","neg",2,"rep",0,1,0,81,85
"661",661,"R_25LdX0Jc7If1U8O","posIngroup","pos",1,"rep",1,1,0,54,65
"662",662,"R_25RXd3o3kbHDsbp","negOutgroup","neg",3,"rep",2,2,1,72,43
"663",663,"R_268ChAyndvMqX4K","negIngroup","neg",3,"rep",5,2,1,21,18
"664",664,"R_26baUxAZ12JYXBz","posIngroup","pos",1,"rep",4,4,0,70,46
"665",665,"R_26uch5BmI2Gm7LP","posIngroup","pos",2,"rep",4,6,1,78,58
"666",666,"R_279hBtaxsnHJDjJ","negIngroup","neg",2,"rep",5,7,0,65,75
"668",668,"R_27eWRePnNn9Yp29","negOutgroup","neg",3,"rep",2,2,1,39,57
"669",669,"R_27OSjmqo6pbldOV","negIngroup","neg",2,"rep",4,4,0,75,58
"670",670,"R_27QgKeeKaNv2GyD","posIngroup","pos",2,"rep",0,4,0,72,50
"671",671,"R_27x7GxG7nEU47MJ","posIngroup","pos",1,"rep",5,5,0,74,57
"672",672,"R_28Ty9GUWJ43SmQQ","posOutgroup","pos",1,"rep",3,3,0,64,64
"673",673,"R_298jJEvDO4jRXXz","negIngroup","neg",2,"rep",5,0,0,75,54
"674",674,"R_29bJ632FIZAmt7x","posIngroup","pos",2,"rep",1,1,1,59,54
"675",675,"R_29tXz7V1xCa94Nu","posIngroup","pos",1,"rep",2,1,1,77,84
"676",676,"R_2abFILyi1zWAyTK","negOutgroup","neg",2,"rep",6,5,0,68,62
"677",677,"R_2ag9DogY3nae0Cg","posIngroup","pos",2,"rep",43,1,0,71,60
"678",678,"R_2AGQwC8tgmYiJJA","posOutgroup","pos",3,"rep",2,1,1,70,58
"679",679,"R_2AHx9Gy7g7dMgDc","negIngroup","neg",1,"rep",4,3,1,80,50
"680",680,"R_2aIxBWXQbfeTuTX","negIngroup","neg",2,"rep",2,1,0,55,55
"681",681,"R_2alAWX2HjySDQ8W","posOutgroup","pos",1,"rep",2,2,1,54,57
"682",682,"R_2aOD9RaLlB7Xa4x","posOutgroup","pos",2,"rep",18,16,0,77,62
"683",683,"R_2atv6rI0R5nTiPM","negIngroup","neg",1,"rep",8,6,1,60,68
"684",684,"R_2ax06Xp83TC7Ruj","posOutgroup","pos",3,"rep",6,6,1,53,74
"685",685,"R_2axad2nhFDvtt9s","posIngroup","pos",3,"rep",1,0,1,65,60
"686",686,"R_2axx9y2LqxmiSdW","posIngroup","pos",3,"rep",3,28,0,50,60
"687",687,"R_2B5w8CJelfKGy6p","negIngroup","neg",1,"rep",5,5,0,93,55
"688",688,"R_2BantlsAoxXaw3A","posOutgroup","pos",3,"rep",9,8,0,59,NA
"689",689,"R_2bVtgQaHWPPVXST","posOutgroup","pos",2,"rep",17,17,0,58,56
"690",690,"R_2BzkYp4kKCm6D0a","negOutgroup","neg",1,"rep",0,2,1,56,66
"691",691,"R_2c5YTFDJBUy7bUd","posIngroup","pos",3,"rep",2,2,0,65,59
"692",692,"R_2cbFMoGLjeBZ6Hr","posOutgroup","pos",1,"rep",9,7,0,50,63
"693",693,"R_2CcPZISpElVBvnP","negIngroup","neg",3,"rep",3,3,0,70,60
"694",694,"R_2CDHeaR5YjHlR2G","posIngroup","pos",1,"rep",2,1,1,65,60
"695",695,"R_2coW6KnWCn2cX7s","posOutgroup","pos",1,"rep",7,8,1,67,85
"696",696,"R_2D5mNYWiJSo07Qb","negIngroup","neg",1,"rep",6,5,1,60,71
"697",697,"R_2D8hqvyQVWZ0h7y","negIngroup","neg",1,"rep",4,3,0,65,73
"698",698,"R_2dEbNZDWn5bGfDW","negIngroup","neg",3,"rep",16,19,1,73,67
"699",699,"R_2dhHtfnX0zS4iz0","posIngroup","pos",1,"rep",7,5,0,68,59
"700",700,"R_2dlLwpSPGT48DF0","posIngroup","pos",3,"rep",6,6,0,73,54
"701",701,"R_2DNUTNEZSFbiZMi","negIngroup","neg",3,"rep",7,4,1,67,56
"702",702,"R_2dnWnbpgDoatFEs","negIngroup","neg",3,"rep",1,1,1,60,50
"703",703,"R_2DOmAXEeNR3a5r0","negIngroup","neg",2,"rep",8,0,1,64,66
"704",704,"R_2dSxI8XNdJ1XhwS","posOutgroup","pos",1,"rep",10,6,0,86,56
"705",705,"R_2DTQEdT0PAFXsn7","negIngroup","neg",1,"rep",2,2,0,46,75
"706",706,"R_2dyEJQQ3qNUR3Rc","posOutgroup","pos",2,"rep",2,3,0,74,74
"707",707,"R_2e2lZPS2lwAzWir","posOutgroup","pos",3,"rep",8,8,1,33,37
"708",708,"R_2E3PXUr6CTzlSm0","posOutgroup","pos",2,"rep",2,0,0,70,60
"709",709,"R_2e4GGYjinZuJFNp","negOutgroup","neg",3,"rep",4,3,1,80,60
"710",710,"R_2e4sq7Pr6761TT8","posOutgroup","pos",3,"rep",5,5,0,76,40
"711",711,"R_2EAEbpFwBVImoOv","negIngroup","neg",1,"rep",11,12,0,61,65
"712",712,"R_2Ehi09iD1IvB3EA","negOutgroup","neg",1,"rep",3,0,0,96,50
"713",713,"R_2eOpjdXJanzioIo","posOutgroup","pos",1,"rep",2,2,0,73,74
"714",714,"R_2eVGSzGvxULB3eX","negIngroup","neg",1,"rep",0,2,0,75,67
"715",715,"R_2f40A12hXnGtIZc","posOutgroup","pos",2,"rep",3,4,0,60,60
"716",716,"R_2fBA8vkHJ66sD6T","negOutgroup","neg",3,"rep",2,2,1,71,63
"717",717,"R_2fHtTrso0nnjzo8","negIngroup","neg",2,"rep",4,6,0,48,68
"718",718,"R_2fIrlS3eD7IlQfz","posOutgroup","pos",1,"rep",2,1,0,55,65
"719",719,"R_2fqdW3XDQLuDYDl","negOutgroup","neg",3,"rep",0,4,0,56,59
"720",720,"R_2fsbdaJuUBmql6V","posOutgroup","pos",2,"rep",2,2,0,78,66
"721",721,"R_2hlkcTFwjBsnjNf","negIngroup","neg",3,"rep",7,6,0,65,53
"722",722,"R_2n6zYjw50t1AHol","negIngroup","neg",2,"rep",4,4,0,61,63
"723",723,"R_2PBS5UHjaCpDEDC","negIngroup","neg",2,"rep",4,3,0,60,65
"724",724,"R_2Pj4aJldPlUBswj","posOutgroup","pos",2,"rep",9,15,0,66,68
"725",725,"R_2pRnxA9lDl0YRzc","posIngroup","pos",2,"rep",4,5,0,65,65
"726",726,"R_2q1nUglKFKiY9LT","negIngroup","neg",2,"rep",5,0,0,62,61
"727",727,"R_2q8iWJkfVel3ISm","negIngroup","neg",3,"rep",6,6,0,79,52
"728",728,"R_2q8V1TzmJ3Dcyzn","negIngroup","neg",3,"rep",5,5,0,70,65
"729",729,"R_2qdwxLH5Hm4nyBc","posOutgroup","pos",1,"rep",8,0,0,67,56
"730",730,"R_2QEUE0qQomjtGgi","posOutgroup","pos",1,"rep",5,5,1,55,69
"731",731,"R_2QG0o7xkwGZeFle","negIngroup","neg",3,"rep",1,1,1,58,61
"732",732,"R_2QiKTyAcDCI1PGf","posOutgroup","pos",3,"rep",3,3,0,70,55
"733",733,"R_2qqOrnOoK3pqZPy","posIngroup","pos",2,"rep",2,2,1,80,58
"734",734,"R_2QsV9TVHZzoHkjw","negIngroup","neg",2,"rep",6,1,0,54,62
"735",735,"R_2QWpjmsixfkHbsf","posIngroup","pos",2,"rep",3,3,0,65,67
"736",736,"R_2QxDIHIzWC07T10","negOutgroup","neg",1,"rep",8,8,0,62,64
"737",737,"R_2QzmHjUWRARA8Kw","posIngroup","pos",3,"rep",5,5,0,86,58
"738",738,"R_2RaCHZMFZrc90iQ","posIngroup","pos",1,"rep",2,2,0,50,70
"739",739,"R_2rHGYTKZ7KBUNMh","negOutgroup","neg",2,"rep",4,4,1,40,40
"740",740,"R_2robSJCtMKRXXj5","negOutgroup","neg",3,"rep",8,0,1,60,67
"741",741,"R_2Sie5bna5YFblR4","negIngroup","neg",1,"rep",1,1,1,58,81
"742",742,"R_2SJP4j8Up0nP0YY","negOutgroup","neg",1,"rep",5,2,1,68,74
"744",744,"R_2sTsYdOYQKxiTNV","posOutgroup","pos",2,"rep",2,2,0,67,69
"745",745,"R_2t0dWIkm4nlnU2Y","posOutgroup","pos",3,"rep",3,3,1,48,82
"746",746,"R_2t5pGRCcLSeNPxO","posIngroup","pos",3,"rep",4,3,0,69,60
"747",747,"R_2tbbQ9mxbBTWecO","posOutgroup","pos",3,"rep",3,3,0,78,53
"748",748,"R_2tGqIHf3Zwb9cbA","negOutgroup","neg",3,"rep",3,3,1,75,61
"749",749,"R_2trOo4VpyshqXRb","negIngroup","neg",1,"rep",5,5,1,71,65
"750",750,"R_2U4QmKpievlEBd2","negOutgroup","neg",3,"rep",3,4,0,84,57
"751",751,"R_2uD7sxlJHa5XDAJ","posOutgroup","pos",3,"rep",24,0,0,68,60
"752",752,"R_2uHEiKIA4S5jpp2","posIngroup","pos",3,"rep",3,2,0,66,63
"753",753,"R_2UhHltQnjQB4zND","posOutgroup","pos",1,"rep",2,2,0,86,72
"754",754,"R_2uPrxbK15UynJbc","posOutgroup","pos",1,"rep",6,3,1,67,76
"755",755,"R_2uWF9gT2sjWGDLf","negIngroup","neg",1,"rep",1,0,1,55,64
"756",756,"R_2uX9YZWuk00DbrI","posOutgroup","pos",1,"rep",0,7,0,68,56
"757",757,"R_2vcYEx5oZseAtqZ","negOutgroup","neg",1,"rep",0,1,0,77,46
"758",758,"R_2VO8eCmMxQT6Mnz","posIngroup","pos",2,"rep",2,2,0,75,43
"759",759,"R_2Vyj5Ug9YcIA6cr","posOutgroup","pos",1,"rep",2,8,0,42,76
"761",761,"R_2wAhKqBnB0rubPc","posIngroup","pos",1,"rep",5,4,0,92,70
"762",762,"R_2wBUI1xPtwvtt0w","negIngroup","neg",2,"rep",9,7,0,76,67
"763",763,"R_2wM6NPatPj67foa","posIngroup","pos",2,"rep",1,2,0,87,86
"765",765,"R_2wt8dpi4eataaRP","posIngroup","pos",2,"rep",1,1,0,55,65
"766",766,"R_2X0qc0XwH98mrlM","posIngroup","pos",2,"rep",33,17,1,70,53
"767",767,"R_2X4FkwW5p7jeTqg","posIngroup","pos",3,"rep",4,4,0,63,59
"768",768,"R_2XaeX5D79f42hCX","negOutgroup","neg",2,"rep",20,30,1,18,20
"769",769,"R_2y32Xr32D7W3GhK","posOutgroup","pos",3,"rep",6,6,0,60,60
"770",770,"R_2y3YoH482Pp0lW2","negOutgroup","neg",2,"rep",2,0,0,85,78
"771",771,"R_2y76Ore1RPJhbrU","negIngroup","neg",3,"rep",6,3,0,86,38
"772",772,"R_2ya1ndRRF2ZXFKw","negOutgroup","neg",2,"rep",1,0,0,36,47
"773",773,"R_2YDJ3klpfYkFOqR","negOutgroup","neg",3,"rep",11,3,0,61,72
"774",774,"R_2yse6TNPVJIlvNc","negIngroup","neg",2,"rep",0,11,1,53,65
"775",775,"R_2YtFNgCzcQn1nRx","posIngroup","pos",3,"rep",8,8,0,65,51
"776",776,"R_2ziiMo9dN6ZA5R4","negIngroup","neg",1,"rep",6,6,1,55,50
"777",777,"R_2zklKZ3uQXTGFfN","posIngroup","pos",1,"rep",5,4,1,65,65
"778",778,"R_2zPiS8tIBxEtEZt","posOutgroup","pos",2,"rep",2,2,0,66,66
"779",779,"R_2ztG2mErOuF3ul5","posOutgroup","pos",2,"rep",3,4,0,87,71
"780",780,"R_2ZWHnmM90jTSXU0","posIngroup","pos",1,"rep",3,0,1,51,66
"781",781,"R_302gMdGmUbKr8bE","posOutgroup","pos",1,"rep",1,1,0,70,50
"782",782,"R_30uxk8vEbntFB79","negOutgroup","neg",2,"rep",3,3,0,72,64
"783",783,"R_31Fci76x37JfLNH","posOutgroup","pos",1,"rep",5,5,0,76,58
"784",784,"R_31gFYngP3UIOI5v","negOutgroup","neg",1,"rep",13,13,0,73,93
"785",785,"R_31o0JBqUfCGjBgd","posOutgroup","pos",2,"rep",6,7,0,70,81
"786",786,"R_325B3AZzlIj3mPN","negIngroup","neg",1,"rep",1,1,1,75,65
"787",787,"R_32K0ArUrtQ14fkN","negOutgroup","neg",3,"rep",5,5,0,86,51
"788",788,"R_33BG9W7M98oYcjS","posIngroup","pos",3,"rep",0,3,0,72,65
"789",789,"R_3CDG7ymyFMezt2S","negOutgroup","neg",2,"rep",5,5,0,60,60
"790",790,"R_3CEhY1CzVr2uQCH","posOutgroup","pos",2,"rep",0,1,0,50,72
"791",791,"R_3CTmejwJXiT1NEt","posOutgroup","pos",2,"rep",4,4,0,77,39
"792",792,"R_3DBUoOrxz88dF5L","posOutgroup","pos",1,"rep",3,3,0,50,63
"793",793,"R_3DcjqbFnCJakg1Y","negIngroup","neg",2,"rep",0,2,0,63,54
"794",794,"R_3DiquXsHk8PkvAw","posOutgroup","pos",2,"rep",3,4,0,76,60
"795",795,"R_3DjOwhw24j2Ak9F","negIngroup","neg",1,"rep",6,6,0,72,72
"796",796,"R_3DqCO7hDegnvBnt","posIngroup","pos",2,"rep",5,6,0,78,63
"797",797,"R_3dY2o28Wm7aIB8t","posOutgroup","pos",1,"rep",0,5,0,50,71
"798",798,"R_3dYUOtG0hNueT9N","negOutgroup","neg",1,"rep",4,0,1,74,67
"799",799,"R_3dZ0aZk8h3MAoqx","negOutgroup","neg",3,"rep",9,5,1,93,100
"800",800,"R_3e4SVmIYjzly19T","posIngroup","pos",3,"rep",3,1,0,67,77
"801",801,"R_3eazpNepxmMRTIc","posOutgroup","pos",1,"rep",5,5,0,91,60
"802",802,"R_3egCwNDK2qrbQKq","negOutgroup","neg",2,"rep",3,0,1,88,70
"803",803,"R_3EiZ4THQAMF6k13","negIngroup","neg",2,"rep",2,2,1,72,60
"804",804,"R_3envJBvQrp7Az35","negOutgroup","neg",1,"rep",4,4,0,75,50
"805",805,"R_3er9iWBnnoGvqWW","negOutgroup","neg",1,"rep",4,4,0,64,69
"806",806,"R_3Esys7ohR0SvTuJ","negOutgroup","neg",3,"rep",6,5,1,77,70
"807",807,"R_3etrdJF6LRTCXEC","posIngroup","pos",1,"rep",2,5,1,60,67
"808",808,"R_3EXTD11z0zf2suA","negIngroup","neg",3,"rep",2,2,1,73,60
"809",809,"R_3fxFjNGsCiHZp6c","posIngroup","pos",2,"rep",4,4,1,61,71
"810",810,"R_3G3xFKo3K5ybPrw","posOutgroup","pos",2,"rep",0,26,0,63,63
"811",811,"R_3G6OMsNxV7YMs0L","posOutgroup","pos",3,"rep",6,6,0,65,60
"812",812,"R_3Gj3w9zY4TR6JBE","posOutgroup","pos",3,"rep",2,0,0,55,59
"813",813,"R_3gNkY6302hvSRBj","posOutgroup","pos",1,"rep",0,4,0,70,83
"814",814,"R_3gRukVI4ApgtX7J","posIngroup","pos",1,"rep",4,3,0,63,75
"815",815,"R_3Gwi0AdT0I9tbKq","negIngroup","neg",1,"rep",2,1,0,63,75
"816",816,"R_3GxNHNCx6CuXeoo","posIngroup","pos",2,"rep",5,8,0,54,64
"817",817,"R_3HAEywWeekr7W84","posOutgroup","pos",3,"rep",5,5,0,71,63
"818",818,"R_3hF29QOoPJTnU9n","posIngroup","pos",3,"rep",2,2,0,74,51
"819",819,"R_3hG8bdobk1IZmD3","negOutgroup","neg",1,"rep",2,1,0,60,65
"820",820,"R_3Hk6SgMWfGDY34a","negOutgroup","neg",3,"rep",39,11,0,65,68
"821",821,"R_3hmrtaNXCrjgHOz","posOutgroup","pos",1,"rep",4,5,0,65,78
"822",822,"R_3Hnt5I4l50nkanH","negOutgroup","neg",3,"rep",7,6,0,59,71
"823",823,"R_3HpQa1DVqHX2dQD","posIngroup","pos",3,"rep",2,0,0,75,60
"824",824,"R_3HRolCuw39zQWv4","negIngroup","neg",1,"rep",6,6,1,51,72
"825",825,"R_3hrvNS0ythWqocA","posIngroup","pos",3,"rep",7,8,0,65,60
"826",826,"R_3HTSAxWax5Nc5Ja","negIngroup","neg",3,"rep",4,4,0,70,60
"827",827,"R_3hu4drDEpZpEi6I","negOutgroup","neg",2,"rep",14,15,0,87,90
"828",828,"R_3hygSJ7lwqGDwsO","posIngroup","pos",2,"rep",34,16,0,73,71
"829",829,"R_3Ia9gfHbmVx0SPO","posIngroup","pos",3,"rep",4,5,0,72,48
"830",830,"R_3iDqJnh2szxRQNG","posOutgroup","pos",2,"rep",2,2,0,59,80
"831",831,"R_3iEHsOuwwe9Stjl","negIngroup","neg",1,"rep",3,3,1,65,65
"832",832,"R_3iHVV2juqcB8U74","posIngroup","pos",1,"rep",3,3,1,66,85
"833",833,"R_3iLjk2ufFvjKmL2","posOutgroup","pos",2,"rep",5,5,0,61,71
"834",834,"R_3iO3EaFbN6Dx6qJ","negOutgroup","neg",1,"rep",3,3,1,85,76
"835",835,"R_3j2qpyMXOfhUld7","negOutgroup","neg",1,"rep",6,7,0,73,67
"836",836,"R_3J8BTdUz1553o1Q","posIngroup","pos",1,"rep",16,17,0,66,66
"837",837,"R_3JELd0algQzoYmM","negOutgroup","neg",1,"rep",10,8,1,60,67
"838",838,"R_3JeMVTJOBNCt0T7","posIngroup","pos",3,"rep",4,2,0,50,67
"839",839,"R_3JmUIhmzGnFBHdv","posIngroup","pos",1,"rep",0,7,0,84,71
"840",840,"R_3JzahueXwsjhqch","negIngroup","neg",2,"rep",3,2,0,69,61
"841",841,"R_3KD7E0pVZuxSqgU","posIngroup","pos",3,"rep",3,3,0,76,60
"842",842,"R_3kMlM6iUQ2jpRct","posOutgroup","pos",2,"rep",2,0,0,70,60
"843",843,"R_3kNGNxkzTcBdFSc","posOutgroup","pos",1,"rep",2,0,0,80,75
"844",844,"R_3kvakotKmTX5o3q","negIngroup","neg",3,"rep",14,20,1,65,75
"846",846,"R_3ltfpRnoSEBp8hH","posIngroup","pos",2,"rep",3,2,0,62,68
"847",847,"R_3LXZwMyfXBXG2ME","posOutgroup","pos",3,"rep",6,6,0,62,58
"848",848,"R_3m3Q2V29OcGWLcl","posOutgroup","pos",3,"rep",1,1,0,67,49
"849",849,"R_3m4rBRSaRDjGtjq","negIngroup","neg",2,"rep",10,10,0,61,56
"850",850,"R_3m8KrVcU0HEz8C0","negOutgroup","neg",1,"rep",4,2,1,71,65
"851",851,"R_3m9qKSvY7yrlSln","posIngroup","pos",2,"rep",4,0,0,70,76
"852",852,"R_3MbecC7pcyvMjOr","posOutgroup","pos",3,"rep",0,4,0,70,70
"853",853,"R_3mdxHPPtEbR27sV","negIngroup","neg",1,"rep",5,5,0,60,28
"854",854,"R_3MKVPoZ6gcisKXC","negOutgroup","neg",2,"rep",11,10,1,62,59
"855",855,"R_3Mmm9Fnu8aQcAHB","negIngroup","neg",1,"rep",9,7,0,55,65
"856",856,"R_3MnBFtVRbgUrdce","negIngroup","neg",2,"rep",3,3,0,64,88
"857",857,"R_3MosmjX99jefrRg","posOutgroup","pos",1,"rep",10,10,0,72,65
"858",858,"R_3Mta0rzTkMmMr2A","negOutgroup","neg",2,"rep",3,3,1,90,100
"859",859,"R_3MtByl1OFRMyPqz","posOutgroup","pos",3,"rep",5,5,0,62,73
"860",860,"R_3nbYJUcQOysMfgY","posOutgroup","pos",1,"rep",12,10,0,67,64
"861",861,"R_3njEb7Nya3srv0T","posOutgroup","pos",3,"rep",41,4,0,75,59
"862",862,"R_3nlAAYZKPKHV2x7","negIngroup","neg",2,"rep",5,5,0,72,74
"863",863,"R_3NxrYljMigp1Ps2","posOutgroup","pos",1,"rep",1,4,0,62,62
"864",864,"R_3OdDxyMnnNjXrbN","posIngroup","pos",3,"rep",3,1,1,65,54
"865",865,"R_3Ofw9tUmNh722j8","negIngroup","neg",3,"rep",4,4,0,86,63
"866",866,"R_3OiDnmaq1YXslTK","negIngroup","neg",1,"rep",9,6,1,60,65
"867",867,"R_3OkOMRTUfgiQx0A","negOutgroup","neg",3,"rep",3,3,1,85,65
"868",868,"R_3OrhJ9DOam9lIQ9","negOutgroup","neg",3,"rep",3,2,1,60,67
"869",869,"R_3PCetTQoDpWnvkp","negOutgroup","neg",3,"rep",7,6,0,75,58
"870",870,"R_3pciEEbQzb4J3dz","negOutgroup","neg",1,"rep",5,3,0,51,63
"871",871,"R_3PgxztwRLmCwFeW","negOutgroup","neg",2,"rep",12,7,1,16,27
"872",872,"R_3phzjhMdAaheFft","negIngroup","neg",2,"rep",12,9,1,21,95
"873",873,"R_3puwKasrVtvXMTP","negIngroup","neg",1,"rep",13,1,0,56,75
"874",874,"R_3Q5LZS1NTcncxW1","negIngroup","neg",1,"rep",6,6,1,97,100
"875",875,"R_3q8xKfUHChZE0nV","posIngroup","pos",1,"rep",5,0,1,40,70
"876",876,"R_3QFxeKbFmRjgCH0","posOutgroup","pos",1,"rep",2,0,0,51,39
"877",877,"R_3QPNpgrG5hoFH0C","negIngroup","neg",3,"rep",3,2,1,97,87
"878",878,"R_3qQkoIEeBFT9Zc6","posIngroup","pos",1,"rep",21,16,0,74,50
"879",879,"R_3qqys0UHBflBnmw","negOutgroup","neg",3,"rep",2,4,0,60,50
"880",880,"R_3qwIMPT5hkX2U5E","posOutgroup","pos",1,"rep",3,2,0,62,70
"881",881,"R_3QXCt2UbxNXZ0fs","posOutgroup","pos",3,"rep",0,1,0,80,45
"882",882,"R_3qxGkdZddNXjPB7","negOutgroup","neg",2,"rep",1,1,0,56,35
"883",883,"R_3QXI7H4PjIGcShI","negIngroup","neg",1,"rep",9,9,0,58,65
"884",884,"R_3r1gTmMSma18WGI","negOutgroup","neg",1,"rep",7,7,1,100,29
"885",885,"R_3R2VpTIb6STNw9v","posIngroup","pos",3,"rep",2,2,0,67,75
"886",886,"R_3Ra4KjS8vNLbt8Q","negOutgroup","neg",3,"rep",10,10,0,81,71
"887",887,"R_3Rl1SYCo1G7c8UN","negIngroup","neg",3,"rep",2,1,0,66,64
"888",888,"R_3rNw47Qv4VOn6FH","posOutgroup","pos",2,"rep",4,3,0,51,72
"889",889,"R_3RwmTu4YH7XOU6t","posOutgroup","pos",2,"rep",11,9,0,68,63
"890",890,"R_3RxZqBapRkIFRF3","posOutgroup","pos",3,"rep",2,1,0,85,55
"891",891,"R_40o4qtXfck9drwd","posOutgroup","pos",3,"rep",0,1,0,58,55
"892",892,"R_4NjrMyEU97yPfpL","posIngroup","pos",2,"rep",15,9,1,50,62
"893",893,"R_5jQ6xLSeXbnTjoJ","posIngroup","pos",1,"rep",2,1,0,75,69
"894",894,"R_6R8XIxsGpF37eRX","posIngroup","pos",1,"rep",7,6,1,74,58
"895",895,"R_6wYX9qkCaPxmx9L","negIngroup","neg",2,"rep",4,3,0,67,67
"896",896,"R_6zd5nwu1KTlCEHn","negOutgroup","neg",1,"rep",5,5,1,77,65
"897",897,"R_7X1EFV5WVfx0081","negOutgroup","neg",2,"rep",4,5,0,65,65
"898",898,"R_81ipluMOaprrMGZ","posOutgroup","pos",2,"rep",1,1,0,67,70
"899",899,"R_823AF2LXi51PAB3","negOutgroup","neg",2,"rep",3,3,0,78,76
"900",900,"R_86dbiBsqPNll0tj","negOutgroup","neg",1,"rep",3,3,1,64,78
"901",901,"R_8bLYxFH739bpEnD","negIngroup","neg",2,"rep",2,0,0,50,65
"902",902,"R_8jCuS2qkAavF0sN","negOutgroup","neg",2,"rep",4,5,0,55,54
"903",903,"R_8v41PpjZ1V0VkpH","negIngroup","neg",1,"rep",2,2,1,55,60
"904",904,"R_8vN4LtEZ9zR49Md","posIngroup","pos",1,"rep",6,5,0,70,61
"905",905,"R_9B7B1X1tOzM5y5H","negIngroup","neg",1,"rep",0,4,1,59,76
"906",906,"R_9Bl4jB0KcIJLCox","negIngroup","neg",1,"rep",10,11,0,66,68
"907",907,"R_9BNnJgife1xgcbn","negOutgroup","neg",2,"rep",3,3,0,68,65
"908",908,"R_9pDoY0bVciUDz9v","posIngroup","pos",3,"rep",1,1,0,68,61
"909",909,"R_9RBlx1Gc08vRT57","negOutgroup","neg",2,"rep",6,6,0,60,81
"910",910,"R_A1M7zfXwDcNvrzz","negOutgroup","neg",1,"rep",6,6,1,55,64
"911",911,"R_AFdMLOXxjYz6qSB","negIngroup","neg",1,"rep",4,6,1,66,60
"912",912,"R_AGqhPJWzGh7A2Wt","posOutgroup","pos",1,"rep",6,5,0,66,70
"913",913,"R_AgrIP3LkVbcV16h","posIngroup","pos",2,"rep",2,2,0,81,65
"914",914,"R_AgtCWnS2QicwOWd","negOutgroup","neg",3,"rep",10,10,0,75,61
"915",915,"R_ALm6sVyXNGkonND","negIngroup","neg",1,"rep",0,2,0,76,35
"916",916,"R_AmozzmiUAKTM68F","posIngroup","pos",1,"rep",5,11,0,70,66
"917",917,"R_An6LYtvrLaaVRrH","negOutgroup","neg",1,"rep",21,21,1,69,67
"918",918,"R_AunyPjIPEAViIMh","negOutgroup","neg",1,"rep",20,17,0,64,39
"919",919,"R_Avb2QTavkeZeZSV","posOutgroup","pos",1,"rep",1,1,0,58,75
"920",920,"R_BM3IslxUDXHeoyB","posOutgroup","pos",1,"rep",2,3,0,49,51
"921",921,"R_brx9nlhoBVzVpXH","posOutgroup","pos",1,"rep",3,2,0,71,64
"922",922,"R_C3VZbEXUZFcuQrn","posOutgroup","pos",3,"rep",3,3,0,72,60
"923",923,"R_C7AZYPmDuGvVcCl","negIngroup","neg",1,"rep",7,7,1,74,50
"924",924,"R_CaGeUKyAyOuLd29","posIngroup","pos",2,"rep",0,2,0,70,65
"925",925,"R_CkpIaYwqodO4inD","negOutgroup","neg",3,"rep",8,7,1,47,69
"926",926,"R_cNokyvqAK1RMWOJ","posOutgroup","pos",2,"rep",1,2,1,80,59
"928",928,"R_cUDBKiA2LrWtYOZ","negOutgroup","neg",3,"rep",3,3,0,76,62
"929",929,"R_cw2iSr5aZGB0FyN","posOutgroup","pos",2,"rep",16,17,0,80,61
"930",930,"R_daN5qIbD93aUxHP","negOutgroup","neg",3,"rep",5,5,0,74,64
"931",931,"R_dfZmSmrf8fJCsb7","posOutgroup","pos",3,"rep",3,3,0,82,48
"932",932,"R_DHwCSBtARADjwCl","posIngroup","pos",1,"rep",2,0,0,64,50
"933",933,"R_DMfnoVqyqLqg5vb","posIngroup","pos",3,"rep",1,5,0,75,66
"934",934,"R_Dorco2FQgJ7VAbv","posOutgroup","pos",3,"rep",1,1,0,76,67
"935",935,"R_DtO714SEEpvmBrz","posOutgroup","pos",1,"rep",12,0,0,50,61
"936",936,"R_DTP3eSlzxX26ALv","negIngroup","neg",2,"rep",5,5,1,69,65
"937",937,"R_DuUTWc9xIOYdwpX","posIngroup","pos",3,"rep",3,3,0,58,68
"938",938,"R_eXlW8jJs6VcRXcl","negIngroup","neg",3,"rep",6,7,1,55,65
"939",939,"R_NWLKclWwx7VKI93","posOutgroup","pos",2,"rep",7,7,0,72,63
"940",940,"R_O40syOHK7zNSRnX","posOutgroup","pos",3,"rep",1,1,1,73,54
"941",941,"R_OeBi2NW4mfyM00x","negOutgroup","neg",1,"rep",7,6,0,62,56
"942",942,"R_OsfHM88Tii3lMyt","negIngroup","neg",1,"rep",19,1,1,74,69
"944",944,"R_phoZzf4mcRHZ3d7","posIngroup","pos",2,"rep",2,2,1,98,98
"945",945,"R_puTvij7wnEw4tKF","posOutgroup","pos",3,"rep",2,1,0,76,72
"946",946,"R_PvSnTMGyhrhCeyJ","negIngroup","neg",3,"rep",3,2,0,76,56
"947",947,"R_PzyPJSqDyjWUdDX","negIngroup","neg",1,"rep",2,1,1,65,67
"948",948,"R_qCxFsZuAr3zgHaV","posOutgroup","pos",1,"rep",1,0,1,65,64
"949",949,"R_RetiwOtQxo6kBfH","posOutgroup","pos",2,"rep",3,3,0,69,64
"950",950,"R_Rkt5PcNblzZGbOV","posIngroup","pos",3,"rep",5,4,0,70,62
"951",951,"R_RxEQYgV5WJ944Hn","negOutgroup","neg",2,"rep",7,6,1,41,25
"952",952,"R_SCdCNWQ3JNSpI1X","posIngroup","pos",3,"rep",4,4,0,67,58
"953",953,"R_se5cQrR6GZaB0VX","posOutgroup","pos",3,"rep",8,8,0,75,44
"954",954,"R_sF12D1fBSzk3ANH","negOutgroup","neg",2,"rep",1,1,0,76,55
"955",955,"R_SNU4gy7TwrD36Ap","posIngroup","pos",3,"rep",0,7,0,55,55
"956",956,"R_tFAhCShE7G26kHT","negIngroup","neg",1,"rep",5,4,0,91,40
"957",957,"R_tGNUAz4G8E7MdWN","posIngroup","pos",3,"rep",0,2,0,68,85
"958",958,"R_Todyx8WyV6BuCZz","negIngroup","neg",2,"rep",5,3,1,57,70
"959",959,"R_TuTCCDQUsiNDJW9","posIngroup","pos",3,"rep",0,4,0,67,78
"960",960,"R_tY6KplV7g4oLgWd","posIngroup","pos",2,"rep",3,3,1,61,72
"961",961,"R_tYbjL7jSoVoH8hr","posIngroup","pos",1,"rep",5,5,0,76,76
"962",962,"R_UauCQY1mCinodWN","negOutgroup","neg",1,"rep",4,4,0,67,76
"963",963,"R_ue7HVDllR7iKjqV","posOutgroup","pos",2,"rep",4,4,0,60,55
"964",964,"R_uey49XDgA3e3CCJ","posOutgroup","pos",2,"rep",7,7,1,65,64
"965",965,"R_ufyDbaL2zi9vwQN","negOutgroup","neg",1,"rep",3,3,0,88,31
"966",966,"R_UJwIhzMzChQat8J","posOutgroup","pos",1,"rep",8,19,0,54,66
"967",967,"R_vdw6hOI79dcVjFf","posOutgroup","pos",2,"rep",4,2,0,64,70
"968",968,"R_vJ2FKmxNjrA63e1","posIngroup","pos",1,"rep",6,0,0,70,75
"969",969,"R_VPakCMvItzIqsJX","posOutgroup","pos",2,"rep",5,5,0,74,55
"970",970,"R_VU5MJro1UhR3zy1","posOutgroup","pos",2,"rep",2,1,0,53,65
"972",972,"R_W3bZmlrCUIO9oaZ","negOutgroup","neg",3,"rep",4,4,1,48,84
"973",973,"R_W7NwB63X2fbUfp7","posOutgroup","pos",3,"rep",1,1,0,67,50
"974",974,"R_WprJpihHOZCacYV","posOutgroup","pos",3,"rep",0,7,0,98,18
"975",975,"R_wTAl4aAAHcNws2B","posIngroup","pos",1,"rep",0,3,0,53,63
"976",976,"R_wUkb391jygLK3V7","negOutgroup","neg",1,"rep",2,2,1,63,65
"977",977,"R_x3YnPVDDKLqxs0V","negOutgroup","neg",1,"rep",2,2,0,58,69
"978",978,"R_xA89sNKnDTdcdup","posOutgroup","pos",2,"rep",3,0,0,70,61
"979",979,"R_xAfO7sxWCbobRlL","negOutgroup","neg",3,"rep",2,1,0,65,61
"980",980,"R_XAPby3KFnVysTFT","negOutgroup","neg",1,"rep",3,1,0,56,71
"981",981,"R_XBr9EaOFAtCUNO1","posIngroup","pos",1,"rep",0,3,0,80,70
"982",982,"R_xfiMV6efADgbR9n","negOutgroup","neg",2,"rep",3,2,1,47,64
"983",983,"R_xFMr26xnyk3oAbT","negOutgroup","neg",3,"rep",3,4,1,82,67
"984",984,"R_xi4dBWBECb7EhfH","posOutgroup","pos",1,"rep",2,1,0,65,77
"985",985,"R_Xqha1tdmFgZMmmB","posOutgroup","pos",2,"rep",5,6,0,80,71
"986",986,"R_xryB4gXuXxFbbP3","negOutgroup","neg",2,"rep",3,3,0,86,54
"987",987,"R_xxYW5Ouh7YXwu65","negOutgroup","neg",3,"rep",5,5,1,64,73
"988",988,"R_YaHQbp1rp88iPwB","negIngroup","neg",3,"rep",4,4,0,70,37
"989",989,"R_yBIjkVmLHhdWfsZ","negIngroup","neg",1,"rep",3,3,0,84,50
"990",990,"R_yQM0aV2Z3nb9lOF","posIngroup","pos",1,"rep",3,2,1,58,71
"991",991,"R_YRiHxRuBaQBTsbL","negIngroup","neg",3,"rep",4,4,1,61,63
"992",992,"R_YYYjxKUSAFI5Idj","posIngroup","pos",1,"rep",2,0,0,56,66
"993",993,"R_z7llE1fbooX9fhv","negIngroup","neg",2,"rep",10,4,0,77,75
"994",994,"R_ZF43c8XNSqwPZhD","posIngroup","pos",1,"rep",0,5,1,96,80
"995",995,"R_ZkODjMub8pQkg0x","negIngroup","neg",3,"rep",3,3,0,50,50
"996",996,"R_ZlcQNBDiShEz1U5","posIngroup","pos",1,"rep",1,2,0,65,68
"997",997,"R_Zt61LpceTEcsVfX","negIngroup","neg",3,"rep",5,0,0,65,68
