Participant,Pol.Affil,Att
R_033BftAKPgz9wtP,3,1
R_0Ng66QY9QcqXFcd,3,1
R_10AyiiQ56y4ckq7,1,1
R_10GDW1EcyPxUGWM,1,1
R_10UwdRkOE7MqM5m,2,1
R_10UYvX0ckkNzVM9,3,1
R_10x9Ob845C3VAFU,2,1
R_11aOMtBT4uc5svP,2,1
R_11gyJFTzgJeEdsq,3,1
R_11ZnNmABCB2FJxf,1,0
R_124QnQHJOfl6p2H,3,0
R_12En14IiK2vX3Py,2,0
R_12lQZxT9G6g3DZR,2,0
R_12ojRLCZOifLkMQ,1,1
R_12Sw1kMoAc5LoX7,2,0
R_1BUUvTXm4rTKjLe,2,0
R_1BVOfvgaANFKXnM,2,1
R_1BY4R5fA1jRMWdy,1,1
R_1C9efAQOqsGHOKJ,1,0
R_1CEDIYMvvGLhqV0,2,1
R_1CfFKLyIzgq6Gta,3,1
R_1CguhcQn2h0plNP,2,1
R_1CkYQvEU5FO4Irz,2,1
R_1CmwTN2NQK9L6DH,2,2
R_1Cr6dl8MoEV8rH4,1,0
R_1CvHh1CiZMUk4G8,1,0
R_1cXGE2QlahRc3Nd,1,0
R_1d9VahJcG42xTIa,1,1
R_1dGoFEGWmucpIHe,2,0
R_1DHCbfanc0H7poM,1,0
R_1dj0dBZq8yfOi3W,3,0
R_1dovhkRz4pCagI4,2,1
R_1dxX0f74LlXCqRY,1,0
R_1dz4JhuGxxQegPk,2,1
R_1E0OaW0sohePmDn,2,0
R_1eEpsCCWvevAE8J,1,0
R_1eFQA62WMWmJuje,3,1
R_1f1PGdEI76pEDo3,3,1
R_1F2MDN3GzTlVB1y,1,1
R_1F3dwCNL0PprcEo,2,1
R_1F5591bRrvaJcDG,1,1
R_1f8AzMzwpYIpNzs,3,0
R_1FjihMH7kEuwTxD,3,0
R_1fkEHinm4VLH96i,3,1
R_1fkZR5f1WPRfxEY,1,0
R_1FrB0p7tvOS2SUf,2,1
R_1g6I6iiEwGahWgM,1,1
R_1GBx4wbrNh7eJWl,2,0
R_1GBx9zTtCnXHQJK,2,0
R_1gbXvxFk4u9CtEs,2,0
R_1GNgJouDxWUYQFY,1,1
R_1goKCaeHxeCW2Ms,1,1
R_1GPlCooQTUzoEen,2,1
R_1gqFCypCCeA94Ph,2,1
R_1hETMgOPTnhkFAM,3,1
R_1hM7BjCYzZ7YbZB,3,1
R_1HoeIo0FqRHrfa8,1,1
R_1hPSIRL26qADu0k,2,1
R_1I42YakLZ1vRf5a,1,0
R_1i98om0ocB6toSw,2,1
R_1iasNGbWqI7Cdsf,2,0
R_1Ic6OE4FDykiPkd,3,1
R_1Ig8v2N6ULsget0,3,1
R_1ikXFqSzBVkTVlW,3,1
R_1Ioa4DE6fLjfOoA,2,1
R_1Iu3P8ZAhQs6pw1,1,0
R_1IXjm5PVGgy7A8B,2,1
R_1IYMofYVW5WMrRT,3,0
R_1JF1mO0Y6tmWr9o,2,1
R_1JOUzpzQwYKGkSG,1,1
R_1joZPf2TQqharp3,2,2
R_1jP83gWLAFUWNEP,2,1
R_1jq3CATNsHe799W,3,0
R_1JUYbmDSWig8CbG,1,1
R_1JVjr6g6yVPHtBB,2,1
R_1K1n7KjunQ02b2p,1,1
R_1KeQUnRXfcDWzxf,3,1
R_1KrUu067h0ZtTWL,2,1
R_1KwgYi27KhC7R30,1,0
R_1lc249AjpTJYApE,1,0
R_1LO0lNk68GKcxQN,3,0
R_1Lo3JGDuuknUL05,3,1
R_1LosBCcbbOO9P7D,3,0
R_1mmUMXgvzxLyls6,3,1
R_1MPXgXUTFQOKsWh,3,1
R_1MQ9akaXG45j4DC,2,0
R_1MSvVD3YiZN0Ik5,1,1
R_1mUaTIHMH52wQbu,2,1
R_1my21JVvRwmPKWw,1,1
R_1N3VTvfGwYUtev6,1,0
R_1N4d7DbfspmrS87,1,1
R_1ND2gL1GO1zvGJ4,2,1
R_1NmsEGfzpSYaVYB,2,1
R_1Nn9pjLS0LMrn22,2,2
R_1nTKbjjLZBwP4CB,2,1
R_1NzjDQ96sztwWKq,3,1
R_1NzuNw4BwmTpmbY,1,0
R_1o6GkcTZKfBLttY,1,0
R_1OB6nrhp2XZMh4v,2,1
R_1oC5bGCd258VyEk,3,1
R_1ODnbPDj0OZ2tr3,3,1
R_1odwZ08grL04X96,1,1
R_1OHMGO9wEMPlRWS,1,1
R_1OKamkxf6ZaLNQl,1,0
R_1oo0jmJHwefItOx,2,0
R_1OQ8ivKKXpHcKmT,1,0
R_1otcDm6thTlrMay,1,0
R_1oteflu7aTkAtyG,2,1
R_1OWijP8h75rWojI,2,1
R_1P1t4Fcd7OHIgrW,2,1
R_1PbeU2lXoz2sOHk,3,0
R_1PbFubIQlkb0Jph,1,1
R_1PbHfiyrdAPJyYH,1,1
R_1pEhfjb4KSBXdu7,2,1
R_1PRCSAzvdcAVyuG,2,1
R_1pRoQxn63dukO6Q,1,0
R_1PTyD4yxJlAuIZr,1,1
R_1QbzKVn9GCHdjcZ,2,0
R_1QgqQdicjmB8sSz,2,0
R_1QhXYnFZa3Za62Z,3,1
R_1QJCq030G6Ls9Qy,1,0
R_1QL3hRqLtYGR0dn,2,1
R_1qVrUq8zkryUwbK,2,1
R_1r8laZFAyU710CU,2,1
R_1rHX9lPVUetZis7,3,1
R_1rizCUQwEOFSE4A,3,1
R_1rufTwmIQXSpiSq,1,0
R_1TjgSYjNpQyYpz3,2,1
R_1ZzTBKYSeQ94zXr,3,1
R_207gd04RsvNAzWV,3,0
R_21aoFA9C6v9y0CV,3,1
R_21G2X7Vhb1UsqyF,2,1
R_21iyJ6cr2IEMYaJ,3,0
R_21vpasxxVQszt9J,1,1
R_22JrQoBBPki9MLC,1,0
R_22lZab9DPpn43MU,1,2
R_22LZUu0aQJcaBTh,2,1
R_23TNAzZNRqT99um,1,1
R_23TuGCgBf2qt8Ph,1,0
R_23VLrsXDsfQewNq,2,1
R_23Vr9TxQIZlc6xM,2,0
R_247dcBwIZGuD246,3,0
R_24dCtWRHl5PgRJZ,2,1
R_24OuR2tgviEgFxW,2,1
R_24v0NkUTxx9xs0v,2,1
R_25BzUzaXg5eY2Rq,2,0
R_25XRvJTuhDpf5BR,1,1
R_263Ca4aYpgBl1bW,2,1
R_263lgf3HRuVkdT7,1,0
R_26gX6hvRgjtAhpF,1,0
R_27arBeHMdiLUTfy,2,1
R_27CNeOi03jodH06,1,1
R_27gpMlMpZS4hvYA,2,1
R_27P9HBBGOoBvxMC,2,0
R_27PbrtkHvrX9mNE,3,0
R_27QomhSeutFGOzQ,2,1
R_27TOdvzPVZbMZ7Z,1,0
R_27yg2BwuQXZfyxV,2,0
R_28AKTt3TFqsQbUp,3,1
R_28MNwxqbIrodiG2,2,1
R_28OKY2ZNqheEuyw,3,1
R_28XUJNwZkj6rGVl,1,0
R_2960ZQ89gKRzvNq,3,1
R_29cXqckoRUzFkuI,2,1
R_29udxU2rAdcfqF7,2,1
R_29v3wmwEqKSOfBe,1,0
R_2akxgwNo4xSer5j,3,0
R_2am2eYbwchqlU3j,3,0
R_2AXC2k3KGDZFNkV,3,1
R_2ay7OYcE9rcqhfy,1,1
R_2aypKnvzH4MkAGl,2,0
R_2B3eqB31a4FDeaG,1,1
R_2bTPZMZhJhpFFpk,3,1
R_2Cd1O4MpDYpF5qB,1,1
R_2CDGaBZ8Kddmcgz,3,1
R_2CDgP9AbZOsHN2I,1,1
R_2Cwig69B2rrjRdK,1,0
R_2cwSVvcaTuWYxwm,2,1
R_2dMEq0QmNyWkZZm,2,0
R_2dsR7aQoIT4v6Zu,2,0
R_2dSXBStUdDVo7U4,2,0
R_2DV1iqUDbL6mWfc,2,1
R_2E4eGOlNsnZcmYh,2,1
R_2E73T8CJzyOdUDg,2,1
R_2e9wRMw2JVlGwhG,1,0
R_2EAG1QyCmyHK9JZ,2,0
R_2EuZXHRagdq2uYO,3,0
R_2f3CYMvXZ1RoTtF,1,1
R_2fBbnumPbic8btl,2,1
R_2fDkmJsAgwlBOgV,1,1
R_2fj5lyQzcVzz2aS,2,0
R_2flYqDmxhjs98oN,2,0
R_2ipjwHQy5yXybYd,1,0
R_2mc2A1g4pG1vQyZ,2,1
R_2o5g8GzuHjIehXz,1,0
R_2OHAQPhKrdr2GfF,1,1
R_2PcAy3mmA8lMjam,2,1
R_2Phs0gnv0eMmJG9,3,0
R_2q2RRfOJp7BXHyb,2,0
R_2qDFNZTKTZsGnbo,2,1
R_2qej5jntGUmlCGO,1,1
R_2QEOBjvN7jF8hrZ,3,1
R_2qfax4Pnyd95k0P,3,1
R_2QuE3clJv2IlXLU,2,0
R_2QXv9x2BUtA2v0X,3,1
R_2R3atSdm2AvM7ts,2,1
R_2R4Ue0Jdv6uZoHP,1,0
R_2R535aDJ3U6U0fs,2,1
R_2ROLa62xk6kx3Ak,2,2
R_2rr1qo2W9Fs1wvU,1,0
R_2rr2IzH6OymGRTf,1,0
R_2RUKPKcLUj3vhzB,3,1
R_2rVj5IpJrWNEkj5,1,0
R_2RWi9dmKt7gKEuc,3,1
R_2s49llHWSeRSMWR,2,1
R_2S7GLqcUaqO1Adk,2,0
R_2sb6xCURqYEJtcu,1,0
R_2SDAEn6ji67NFij,1,0
R_2SJkf0wFkGGwHLr,2,1
R_2sXgp8JnCFgbwl4,2,0
R_2sZpMMa8NJwrOEk,3,0
R_2t2Rxf7EOleW53X,1,1
R_2t4J2onWN3OqbVW,3,0
R_2t5tOAWhoPcVi4k,1,1
R_2tmWFM9OomgOCKx,2,1
R_2TQP3DRDxgpySlK,1,0
R_2U6m5f5G5r3lo5Z,3,1
R_2UaXrROsInHHUSx,1,1
R_2UghoCJBoDzdtq2,2,1
R_2uPoBFPhQD8625t,2,1
R_2uQVP6W5MbIyii9,2,1
R_2usP9Nn8hYeHau3,1,0
R_2vbNUdl0EvtxHAF,1,0
R_2vcvueq44hxVcZ4,1,0
R_2VIo0tVzOqLO1IJ,1,0
R_2viUl7leInyyQdd,3,1
R_2VOUCiN41LeXsSC,2,1
R_2VpvEE1h0Ltnt7H,1,1
R_2VQuGBysvolx2U6,3,0
R_2Vsu17rEkH5GdWh,1,1
R_2VsWUza51KvUq32,1,0
R_2VvTCtxrxonnnZ4,3,0
R_2Vyjw6hc69jOyOQ,1,0
R_2vZd2BJZed3RMyt,3,0
R_2w5FTRu47LlAECS,2,0
R_2w6KCVmQm5nPBbj,1,0
R_2wAC9t8JkhFoCqe,2,1
R_2wi6kfSZg3rXYGL,2,1
R_2wpdYub4dfMKFt4,2,1
R_2WUc8QPDrkZTLih,1,1
R_2WwkkLJcP2dSAgz,1,0
R_2WZLk1NbILk2CsA,1,0
R_2xGn899CjelgOs4,2,1
R_2Xj1vHtvoaEtjTw,2,1
R_2xLBFXSXkrn3sYl,1,1
R_2xMjCT823zRD1Q6,1,1
R_2xRZauNNsxtIsq1,2,1
R_2Yb5dd10g6RssOE,1,1
R_2yqDVRD04qb3Pu0,3,1
R_2YXlCtvA5uN7oQk,2,0
R_2Yyr5nKYguSyjCi,3,0
R_2z5yof1olpbTSn3,2,1
R_2z8tIrNmlsnfCWx,2,1
R_2zCRr8DWZH0arSa,3,1
R_2zFLCk44qBijPy5,2,0
R_2ZIiAYTIFdqgSn9,1,1
R_2ZJEzCc5ugWbon9,3,1
R_2zpEVA9nEMEOYp7,1,1
R_2zqFQvNJx0ebjkh,2,1
R_2zVhprvuGFcAw2u,1,0
R_2zXZWlen4DpYR6L,1,1
R_2ZZW5GirbW9aWWw,1,1
R_3019TPCgtEQ0Sib,1,0
R_301rQB3BuFXyZ3t,3,0
R_306KYtWv5U67WQK,3,1
R_30dEjCb4dKRNDMX,2,1
R_30jcG4wGq5lHnGB,1,0
R_30kJwa3ChCR4P4h,3,0
R_31aud0fGURj5LfH,1,1
R_31EHJW1tQ6che3U,3,1
R_31hAzs9sbYTdx7E,2,1
R_31pfhTgYUtnpbFx,2,0
R_31QsozTPgB69jK4,3,0
R_337H3gST5wERVgp,2,0
R_33jdke7EK5YKunh,1,0
R_33vbKqn5lFuVWMb,3,1
R_33xPJuJn22LVOdz,1,0
R_3CC9lyyH3ieLlmH,2,0
R_3CDYSiEHd60YDPJ,3,0
R_3D7tdLBYejGfY1U,1,1
R_3DcgDdq0ToP2FFj,1,0
R_3Dhe8qQZAN4ZV3m,2,1
R_3dKBTVoc90UgH7x,1,0
R_3DoL8x0jvNRod6J,2,1
R_3Dq3dCE2hVnrMPv,1,0
R_3DwtlQbDCrFoHpG,2,0
R_3dYP16f2NrkcqtS,1,1
R_3e9Knv2hBDznC5B,2,1
R_3EEHHj6z1vo8eOp,1,1
R_3elCIYD9CvqbMIV,1,1
R_3EMEa8algBteyQB,1,1
R_3EMgDNmAU8wJqEw,1,1
R_3ENkaViscutdoy7,3,1
R_3Et0mNV3Lrj3ao9,1,1
R_3F2OnY37UTKM8gq,3,1
R_3fJgVXntW4Q5r5G,1,0
R_3fjh5TERtUW2qer,3,1
R_3fl3vz8x11pRNjY,3,1
R_3FPebdI7kxNDOCZ,3,3
R_3fPLD8GtVDYapA0,2,1
R_3fr8YEuKQao1zId,2,1
R_3FUNI5eSzsvjKRl,2,1
R_3FXa1ngzN0FhPHI,1,1
R_3FXLYX2QIrujjWk,2,0
R_3fZsYywQooUwx9h,3,0
R_3fZxCqvN8OLzbQS,1,0
R_3G3z7q6JK1mdecy,2,0
R_3GexBMOy5cN5g8F,1,0
R_3gN5UntmjDx8977,1,1
R_3h603L9zKybEX1P,3,2
R_3h6lUGMD1U1kndl,2,1
R_3hArvmo5QAyS92H,1,1
R_3hGVW1nKuWtBxz2,3,1
R_3HIAgd8tqxIidLW,1,0
R_3HMRupqVEiX63yy,2,0
R_3I5yt9Yd7j54D8Q,2,0
R_3I6qNyLqpbrDSo1,2,1
R_3I78FCUSxsbsMxj,1,1
R_3j6Gw1KX4FAJuTE,1,1
R_3j6QufcWr7S1E2V,1,1
R_3JCNY77nW80hbyO,2,1
R_3JwLbMwK8homHyL,1,1
R_3JzbFkzqcqCQdCG,3,1
R_3jZj95lsmbOHdTM,1,0
R_3kAqouVNui8Z9wM,2,1
R_3KJSK2aSEcTzh4v,1,1
R_3KMUQlUOlmbBchm,1,0
R_3KNOVYjvn14KcbT,1,1
R_3KO6zu8zvK6or7T,1,1
R_3KOpozJztvmskVo,2,1
R_3L6fNTgmfOuDZS7,1,1
R_3l920bDiVjHkvsJ,3,0
R_3LiPR4Lg1xz7Ddn,1,0
R_3lQRgaeMalqbIoE,1,0
R_3lVNNLGMWDjYduK,2,0
R_3LXTAT0ty1fkKmw,2,1
R_3M0vSBwKhOrHkae,1,1
R_3M40QYpATmW82hN,3,1
R_3MboN7ly7cWd4po,1,1
R_3mf7SnNyWkW03JR,2,1
R_3MFLsty61Oh7HsV,2,2
R_3MhXlGecvwta8MP,1,0
R_3MiftsdJ453XBZJ,2,1
R_3Msdkw4SuluCa5I,2,1
R_3MShjE4Z4DcisBK,1,1
R_3n2Zf3zHt2bfyiQ,3,1
R_3nC2joU7yx4tCBa,3,0
R_3nc2Q10VAbL9CtU,3,1
R_3nNamyx2ZpVxKBe,1,1
R_3NQwPPUk66OcV9k,3,1
R_3nTq6F9xNhPagRW,1,1
R_3O3synMLBqxugVp,1,0
R_3O9dVANPhBDfFcr,3,0
R_3Oe2rlRCrgIDnxt,3,1
R_3Ofyg3EIFz0xxET,2,0
R_3OiwqFyH2fcbKoz,1,1
R_3oLN4Ijsd0U974P,2,1
R_3oLSYBaJ9IO2yoM,1,1
R_3p5wqYJfpEVhaYd,2,0
R_3PKWKVKA17BPXYa,3,1
R_3plKe63bfMVdCAE,3,1
R_3PMg08yZ8FBhfMC,1,1
R_3PNYej7A7N8goxR,1,1
R_3PprqCuA88926Fg,3,1
R_3proevqoQN5JyxD,2,1
R_3pshtFpuceKmcpG,1,0
R_3psxMG5KfZvJS0u,3,2
R_3ptjHGyd0xfbyjx,2,1
R_3pyVLxMqz1NtKAF,1,1
R_3PZiIxj5pypWUPs,1,0
R_3qBEB3jZSPsR51N,2,0
R_3qBsXZonOa0NvQV,3,1
R_3qg7tvkQghIP0bu,2,0
R_3qII3DDtuxsh24H,1,0
R_3qJBHSNgo0HZ2Rx,2,1
R_3QlNfZwzOOQeZsl,3,1
R_3qTKYSmyMCGMl8a,3,0
R_3QWO8nPu2oVaHyE,3,1
R_3rGLXATHqTRfZJD,1,0
R_3RmCykuh6SeCLYn,2,0
R_3RsJs1t5AOwSi14,2,1
R_3rULRFNbNPwg9l8,1,1
R_3Rxcry2y8pWFCFG,1,0
R_3shv3iJhfY5m52W,2,0
R_3spmG4OneExPDlW,2,0
R_3W8teT7gcM4cm8V,1,1
R_40cRWDWRq05PRIJ,1,1
R_41GKTIP2qXCMB3j,1,0
R_4MBlsuD1gnpXwmR,2,0
R_5bgG21eINeUBR2V,3,1
R_5ncoMJK0AygYzRv,2,0
R_5tBNn08HSR3e0Kt,1,0
R_6JMcoT5ocHqBhND,3,1
R_6Mg4D3TFOvlFhZL,2,1
R_6nHImLD0D2A0xJT,3,1
R_6sBWFCZqunzkJPz,1,0
R_6WpZqkWR4anVncR,2,0
R_719LwTwdOM9s2I1,3,0
R_71mXhmilL4jpHax,2,0
R_82JmRXcRYBRzNTP,3,1
R_85OjAUKgRNWY7qp,3,0
R_9GNpTHs5nmZXozf,3,1
R_9pHpRzKObQh6uEp,3,1
R_9uV5SoewtQwQHU5,1,0
R_a3o7eLbTstWmrK1,1,0
R_A4EifGXO0Bri1sl,2,1
R_a5AmY1OWKnzLTtD,3,1
R_a9pvkhoxafH9vTb,2,0
R_AhxyQdDpMHxdfCF,2,1
R_ApU1W7vEyCSTFuh,2,0
R_bCOIXT1OPMkX053,2,1
R_bCq7AEqXgaks8aR,3,1
R_BJt29ApHpPqxmkV,2,0
R_bKF3j0O2sVTBHr3,3,0
R_blytpCy0KdD18B3,1,1
R_bQrFWeDRG9UNod3,2,1
R_BRQwxcCJXPCpAm5,1,1
R_C90FcuTcbqAT1m1,3,1
R_C9rVNWPjWesRjMt,1,1
R_CgFPBdn58UQ02LT,1,1
R_cH2XANMA3qOincd,1,0
R_cSEFibr5NGJ63df,2,1
R_cx0nQOj23wsqC8F,2,1
R_D1TJgtUBU54inHb,3,1
R_d54mRazKCgxpuh3,1,1
R_D5Bqb51vsVsPZER,1,1
R_D81WmlpZKRhIDvP,2,0
R_dmaJAIq7hrgjlpT,3,0
R_eb5A5c6IvvFa3Sx,1,0
R_eeZbBt3JgX0lqal,3,0
R_eJNAtbMYxtY6YKt,2,0
R_eqynR3wQE5Oavfj,1,1
R_eWktFKJwuaE7ySZ,3,0
R_O8pGsb5dUtTItoJ,1,0
R_OO0rvrEMbzVLA9H,2,1
R_OOrllyd6L3I7vNv,1,0
R_OPRrKDlSPRWlVXr,3,1
R_OrFPh3VC9QMs5mp,1,0
R_Os2qDbzXdUbkbTj,2,0
R_Oy9qlVtfcj9bZS1,3,0
R_oZCfEcSgNAc2nzr,3,1
R_p3hCOxxoyKb53gJ,2,1
R_pF3mVdpd440CJR7,2,0
R_PHbTJAldYhDLAyZ,3,1
R_PHvIPkohtVQ6HND,2,1
R_piSupwpkXJyREpr,2,1
R_pJAwOhX5YRDaAZb,3,1
R_plKYGAEG4LCHEDD,2,1
R_poaNEfRdqOjuocp,2,1
R_psGmGHi0tkdxvCF,1,0
R_qLreqjDA3h5qYGB,3,0
R_Qoc2tpfncNg2lnH,2,1
R_qQ46Tv1SyqEtyoN,1,1
R_R35kzAkW255DHUJ,2,0
R_r3yJhftgkcJx9gl,1,0
R_r6Jx2ERTEtFh7i1,1,1
R_RDC2GaDLtrG4Iwh,2,1
R_rjUtQOZJFfeHKOB,1,0
R_RkIN4DJ9j3UjDoJ,2,0
R_RmDOf2aNukbF45P,3,0
R_RQYMUe0unDCUnHr,2,1
R_RzaGXF3fwIbETS1,1,0
R_SAZlbgOXUQ2YyU9,2,0
R_SCqpWBVxjGGIVKp,1,1
R_SDZcQqx2PdJm2Bz,1,0
R_SIFoos8sTv0C5HP,1,0
R_SIrT9WnzejsJLI5,1,1
R_T6Ort1JX8WJhAyd,3,1
R_TcqHjMizZxlfqXT,2,1
R_tGJbm0EdT4iZOHT,1,0
R_tWB0O0OKTMQyzVn,1,2
R_u3UUyaYgzZ7Wohz,1,0
R_u4XxlhPt8TYgvgB,2,1
R_ueHzLuUPlYJC0XT,2,1
R_UhjbypJnu5kaveN,3,0
R_uq6P9XVgaS7wm7D,1,0
R_UQoaBgCGUikWiEV,2,1
R_UshPqUQtwXMXGed,1,1
R_utcP3sWjyGkdP45,2,1
R_UubbynDhKDPIUiR,2,1
R_UWQe3hP4lZxXo0F,2,2
R_uzaNlEfsxS2xFWp,2,0
R_VQhlqh8wrOcRhap,2,0
R_vwpJqvy6i2fi1fr,1,2
R_W3AIhUmPDbOM2EF,1,1
R_w6Ryo6Dt30w7exz,1,1
R_Wc9ZJhE5sOqHMgV,2,1
R_WcG316tiQ07Ra5X,2,1
R_wNQD1gljVWmF8jf,1,1
R_wUmUueBbXKN2IOl,1,1
R_WxtRBA04Mtq9Bxn,1,2
R_wZ60R5QyzSiPrCV,1,3
R_XAhlCaEnCulwaDT,3,1
R_XFBdS9Ih0P0G1LH,2,0
R_xg8bLLy9NUo4V1v,1,0
R_XiymaXyAEVonvWN,2,0
R_yIpIuOvFjUgMDBf,1,2
R_yIsGjhByYblLsTD,1,0
R_YPji2AGZT2mHZyF,3,1
R_ypZV7xE1yY8X2pz,2,1
R_yz1y521yPNxOLex,1,2
R_Z1AFprYqVL4iP6h,2,1
R_z2aYyOsG4RGCEAV,3,0
R_Z3OEQYeZF6ljWQF,1,1
R_Z4R1t2E7060hX9f,2,0
R_ZJmAo2WSgeBf6xP,1,1
R_Zk7xolOze1bZFcJ,2,0
R_ZKQOPuAgOuRpKCJ,3,1
R_ZsIMO8M6iZWdHzz,3,1
R_ZyNSns5U6FDjqw1,1,0
R_02Hhh7veZ8JOIpz,6,0
R_0eTPLeY7hm5Uq1H,6,1
R_0P3rbQpYijrTLLH,7,1
R_10AhQy4Sd75ADly,6,1
R_10DIGYpocGhyOD7,5,1
R_10TorYyE4PQaOHe,7,3
R_10uODdzalMZJLag,5,0
R_110IymGlQfgUcxs,6,1
R_111NvQ58KZiWINi,6,1
R_1179q3OHTkP8Hsv,7,0
R_11dyswiTUm78Y5F,6,1
R_11iP7BYbWHtMRBq,6,1
R_11j7x4zkGRGJayu,5,1
R_12AxGywo8Nkxq09,6,1
R_12kXxDONvB0nqfM,5,1
R_12nUv9I3Vc4JKBa,5,1
R_12tcW9rW3HC15L5,6,1
R_12tEHS9JiUcF6u4,6,1
R_12u61kZXLspweet,6,1
R_1C1qkvbL1LgABEu,6,0
R_1Ca67UTMBWtv6uE,5,2
R_1CCmnU7W58pXrJH,5,0
R_1cUpoO2ztgoXvVl,5,1
R_1CwrOMmrLnAKy0Z,6,0
R_1cXLcXzPI6TYsVo,6,2
R_1dAcgodPr5Prk7V,6,1
R_1daCvI52RT8ftuM,6,1
R_1dEV5QI5z260d5a,6,1
R_1DFRGoGdTZfrksZ,6,0
R_1Dpcvkn9wmpygRv,7,1
R_1dyI4PJnLJH5Sw7,6,0
R_1E5Q3OJ9HfPE87x,6,1
R_1eE3iX1DZJNKnoh,6,0
R_1eLCvW4YMUEgy9O,5,1
R_1eUBHczKTYSvxCh,6,2
R_1EWgUxJfBGnKtLD,5,1
R_1EWOaXaExxJNX20,7,1
R_1EY6NRImhbsrH9W,6,2
R_1F3rvvpuh2EGrLw,7,0
R_1F3uNBgecnABOKv,5,0
R_1FEbD1rLT9qf3tz,6,1
R_1FJkvfRVT0Wticb,6,1
R_1FONZupLYLk0DcW,6,0
R_1FzczM2CF7N8hBM,6,0
R_1g8zEFVzalhs2Vz,6,2
R_1gABQPxFgGjcU0C,7,1
R_1gdrLmYniYoVtLF,6,0
R_1gMTGMXvKLgsMOe,6,1
R_1GNMWw0U4Jk7uHn,6,0
R_1gOr0zcbGowwaWQ,6,1
R_1GQhGuhhVHHzCDV,7,1
R_1GTFDTrRpwv1YGw,7,2
R_1gzQNUdxHAoCEud,7,1
R_1H2lQ4sr0HAteQk,5,1
R_1Hdz2A7pIFYYzS0,7,1
R_1hHaBdtiAuBQAG2,5,0
R_1hR0WbjQ3o9OTCR,7,1
R_1i2HdCLFoOUW595,6,0
R_1i9xTGapWVWg8dL,7,0
R_1IaWlXRBsLwsLGb,6,0
R_1iepw7VdgypgYXV,6,2
R_1IFQns8zSuTDIzt,5,1
R_1IGCrDgguzvm5QL,5,1
R_1isqoih8wjrHGVj,5,1
R_1ItRcENyhR77FyV,5,0
R_1IuF7aweo0fbMpf,6,1
R_1IyEqTLRHMQsOKa,7,1
R_1j94clu6YA4d7yE,5,0
R_1jcRoegJDqRND4W,6,1
R_1jdqHy0YYjypKhq,6,1
R_1jGQjQbGRDGMyF3,6,2
R_1juY7mcLI5JYF2d,5,2
R_1jwyvRgnGg4BFre,6,1
R_1K0BbshWThA47fk,6,0
R_1kFhZYxjRVBV6jz,6,1
R_1kGQuJUioWO1IyJ,7,1
R_1kHPYLSo5Byp7j5,5,0
R_1KqJEQHH8HXSyjy,6,1
R_1KxKc5Ei4vcYpKe,5,0
R_1l9RaIQqXppTOxi,5,2
R_1LdKWY6MScIlxcC,6,1
R_1LnyGNJoabUpleP,5,1
R_1LoGQHZtg4qLKBe,5,0
R_1LpLmyrriAnNUp2,6,1
R_1lrt0cH3MREzERi,6,1
R_1lv48xwzljsdH0B,5,1
R_1mCNTIUAYOpDKIK,6,1
R_1MRjU7OFPfQiulg,6,1
R_1mWQ75yMUDqItn6,6,1
R_1Ngm7YFhejL3n7Z,7,1
R_1nUSrKjKmlqPU6M,7,1
R_1o0DRSTMdfJAHJK,5,1
R_1o6D0CDBW7SMflX,5,1
R_1ODdyMIzFeLAgZz,6,1
R_1oistqebJBu8Mm0,7,0
R_1OOBfMuIgzUBBEM,6,0
R_1opxAdzMGByp9wi,5,1
R_1OUiGgGFweMZYaw,5,2
R_1OZfYfNhUsGkqrb,5,0
R_1P5f4QW1ikffgRs,5,1
R_1PdAfHGyTfzUxyD,5,1
R_1pGoiDSr3Qbl1sP,7,1
R_1pmJ68HmDbYC8B3,7,2
R_1pMSOQCEqVnwKQ6,5,0
R_1puoUNpikHVf1pD,7,0
R_1pYSXlfLRiGo5HY,6,1
R_1q2oFx5twNu9wmR,5,1
R_1q2S4ICtR9kx8EU,5,1
R_1Q9FZDGRqsn8gKi,6,0
R_1Qg9wa0Yd7FysjU,6,1
R_1QKmF35HWkT8LM1,5,1
R_1QLOAS89i9hqA8Y,5,2
R_1QLp36ddFSkdee5,6,1
R_1Qu9IUazdE0573b,6,1
R_1QuWKVWke298Soj,6,1
R_1r0tYqlpR6g3hV3,5,1
R_1r1U4zkojdEF2A6,7,1
R_1r6e1vOuuyOcnP9,5,0
R_1rBMmw1AIR3SXsa,5,0
R_1rBWCuVfXTT1sRV,6,1
R_1rcAJPOPjdF0Pbp,7,0
R_1rMOJxrP92hVHng,6,1
R_20MYePiertBvSwm,7,1
R_20SPJFMi4N3xOEd,6,1
R_21sxYGFW9FoTqIX,5,0
R_21uMXouDp9FPJpY,5,1
R_21vqxUTzrxj2zUN,5,1
R_22DlI6HuYwdr9B8,6,1
R_22FE6qzqfHNV3Dd,7,0
R_22KCRcaTPqw7FW5,6,1
R_22L0Damem0Lyd95,7,1
R_22MvMiH0kift1S4,6,1
R_22WIlGzBEM8N9jq,6,2
R_23ag3hx5Y5k5T3o,5,0
R_23W7tNtDHRAxdHM,6,0
R_24FPnpEFSAO9KAN,7,1
R_24ki4rMy1kj2KGg,6,1
R_24pCJkeVYMxiUnI,6,1
R_24pes2LazEbjqpD,6,0
R_24uQlZ3SFuHQd9A,6,1
R_25LdX0Jc7If1U8O,5,0
R_25RXd3o3kbHDsbp,5,1
R_268ChAyndvMqX4K,7,1
R_26baUxAZ12JYXBz,5,0
R_26uch5BmI2Gm7LP,6,1
R_279hBtaxsnHJDjJ,6,1
R_27Ck4UCpHqGe7F1,6,3
R_27eWRePnNn9Yp29,6,1
R_27OSjmqo6pbldOV,6,1
R_27QgKeeKaNv2GyD,6,1
R_27x7GxG7nEU47MJ,6,1
R_28Ty9GUWJ43SmQQ,5,1
R_298jJEvDO4jRXXz,6,1
R_29bJ632FIZAmt7x,5,1
R_29tXz7V1xCa94Nu,6,1
R_2abFILyi1zWAyTK,7,0
R_2ag9DogY3nae0Cg,6,1
R_2AGQwC8tgmYiJJA,6,1
R_2AHx9Gy7g7dMgDc,7,2
R_2aIxBWXQbfeTuTX,5,1
R_2alAWX2HjySDQ8W,7,1
R_2aOD9RaLlB7Xa4x,7,0
R_2atv6rI0R5nTiPM,6,0
R_2ax06Xp83TC7Ruj,6,1
R_2axad2nhFDvtt9s,6,1
R_2axx9y2LqxmiSdW,6,0
R_2B5w8CJelfKGy6p,7,1
R_2BantlsAoxXaw3A,5,1
R_2bVtgQaHWPPVXST,6,0
R_2BzkYp4kKCm6D0a,5,0
R_2c5YTFDJBUy7bUd,6,0
R_2cbFMoGLjeBZ6Hr,5,1
R_2CcPZISpElVBvnP,7,0
R_2CDHeaR5YjHlR2G,5,0
R_2coW6KnWCn2cX7s,6,1
R_2D5mNYWiJSo07Qb,5,0
R_2D8hqvyQVWZ0h7y,7,0
R_2dEbNZDWn5bGfDW,5,1
R_2dhHtfnX0zS4iz0,6,0
R_2dlLwpSPGT48DF0,7,1
R_2DNUTNEZSFbiZMi,5,1
R_2dnWnbpgDoatFEs,6,1
R_2DOmAXEeNR3a5r0,6,1
R_2dSxI8XNdJ1XhwS,6,2
R_2DTQEdT0PAFXsn7,6,0
R_2dyEJQQ3qNUR3Rc,6,0
R_2e2lZPS2lwAzWir,7,1
R_2E3PXUr6CTzlSm0,7,0
R_2e4GGYjinZuJFNp,5,0
R_2e4sq7Pr6761TT8,6,0
R_2EAEbpFwBVImoOv,5,1
R_2Ehi09iD1IvB3EA,5,1
R_2eOpjdXJanzioIo,5,1
R_2eVGSzGvxULB3eX,6,2
R_2f40A12hXnGtIZc,7,0
R_2fBA8vkHJ66sD6T,5,0
R_2fHtTrso0nnjzo8,5,1
R_2fIrlS3eD7IlQfz,6,0
R_2fqdW3XDQLuDYDl,6,0
R_2fsbdaJuUBmql6V,6,0
R_2hlkcTFwjBsnjNf,7,1
R_2n6zYjw50t1AHol,7,1
R_2PBS5UHjaCpDEDC,5,0
R_2Pj4aJldPlUBswj,7,0
R_2pRnxA9lDl0YRzc,6,1
R_2q1nUglKFKiY9LT,5,0
R_2q8iWJkfVel3ISm,5,1
R_2q8V1TzmJ3Dcyzn,7,1
R_2qdwxLH5Hm4nyBc,7,1
R_2QEUE0qQomjtGgi,5,0
R_2QG0o7xkwGZeFle,6,2
R_2QiKTyAcDCI1PGf,5,0
R_2qqOrnOoK3pqZPy,5,2
R_2QsV9TVHZzoHkjw,7,1
R_2QWpjmsixfkHbsf,7,0
R_2QxDIHIzWC07T10,7,2
R_2QzmHjUWRARA8Kw,5,2
R_2RaCHZMFZrc90iQ,6,1
R_2rHGYTKZ7KBUNMh,7,1
R_2robSJCtMKRXXj5,7,0
R_2Sie5bna5YFblR4,5,1
R_2SJP4j8Up0nP0YY,7,1
R_2SlccY4amTQHaMs,5,3
R_2sTsYdOYQKxiTNV,7,0
R_2t0dWIkm4nlnU2Y,7,1
R_2t5pGRCcLSeNPxO,6,1
R_2tbbQ9mxbBTWecO,5,1
R_2tGqIHf3Zwb9cbA,6,0
R_2trOo4VpyshqXRb,5,1
R_2U4QmKpievlEBd2,7,1
R_2uD7sxlJHa5XDAJ,6,1
R_2uHEiKIA4S5jpp2,6,1
R_2UhHltQnjQB4zND,7,1
R_2uPrxbK15UynJbc,6,2
R_2uWF9gT2sjWGDLf,5,1
R_2uX9YZWuk00DbrI,6,0
R_2vcYEx5oZseAtqZ,5,0
R_2VO8eCmMxQT6Mnz,6,0
R_2Vyj5Ug9YcIA6cr,5,1
R_2w19g8ZxJqpEl2v,7,3
R_2wAhKqBnB0rubPc,7,1
R_2wBUI1xPtwvtt0w,5,0
R_2wM6NPatPj67foa,7,1
R_2woUfqmeYef0az6,5,3
R_2wt8dpi4eataaRP,7,0
R_2X0qc0XwH98mrlM,5,1
R_2X4FkwW5p7jeTqg,7,1
R_2XaeX5D79f42hCX,7,1
R_2y32Xr32D7W3GhK,6,0
R_2y3YoH482Pp0lW2,5,1
R_2y76Ore1RPJhbrU,6,0
R_2ya1ndRRF2ZXFKw,6,2
R_2YDJ3klpfYkFOqR,6,1
R_2yse6TNPVJIlvNc,6,1
R_2YtFNgCzcQn1nRx,6,0
R_2ziiMo9dN6ZA5R4,5,1
R_2zklKZ3uQXTGFfN,6,1
R_2zPiS8tIBxEtEZt,5,0
R_2ztG2mErOuF3ul5,6,2
R_2ZWHnmM90jTSXU0,6,1
R_302gMdGmUbKr8bE,7,0
R_30uxk8vEbntFB79,5,0
R_31Fci76x37JfLNH,5,1
R_31gFYngP3UIOI5v,6,0
R_31o0JBqUfCGjBgd,5,1
R_325B3AZzlIj3mPN,6,0
R_32K0ArUrtQ14fkN,7,0
R_33BG9W7M98oYcjS,6,1
R_3CDG7ymyFMezt2S,6,1
R_3CEhY1CzVr2uQCH,5,0
R_3CTmejwJXiT1NEt,5,1
R_3DBUoOrxz88dF5L,7,0
R_3DcjqbFnCJakg1Y,6,1
R_3DiquXsHk8PkvAw,7,1
R_3DjOwhw24j2Ak9F,5,1
R_3DqCO7hDegnvBnt,6,1
R_3dY2o28Wm7aIB8t,6,0
R_3dYUOtG0hNueT9N,5,0
R_3dZ0aZk8h3MAoqx,6,2
R_3e4SVmIYjzly19T,6,2
R_3eazpNepxmMRTIc,5,1
R_3egCwNDK2qrbQKq,6,1
R_3EiZ4THQAMF6k13,7,0
R_3envJBvQrp7Az35,6,0
R_3er9iWBnnoGvqWW,6,1
R_3Esys7ohR0SvTuJ,5,0
R_3etrdJF6LRTCXEC,7,0
R_3EXTD11z0zf2suA,6,1
R_3fxFjNGsCiHZp6c,6,1
R_3G3xFKo3K5ybPrw,6,0
R_3G6OMsNxV7YMs0L,7,0
R_3Gj3w9zY4TR6JBE,5,1
R_3gNkY6302hvSRBj,6,1
R_3gRukVI4ApgtX7J,6,2
R_3Gwi0AdT0I9tbKq,6,0
R_3GxNHNCx6CuXeoo,6,0
R_3HAEywWeekr7W84,6,0
R_3hF29QOoPJTnU9n,5,1
R_3hG8bdobk1IZmD3,5,1
R_3Hk6SgMWfGDY34a,5,1
R_3hmrtaNXCrjgHOz,7,0
R_3Hnt5I4l50nkanH,7,1
R_3HpQa1DVqHX2dQD,6,0
R_3HRolCuw39zQWv4,7,1
R_3hrvNS0ythWqocA,6,1
R_3HTSAxWax5Nc5Ja,5,0
R_3hu4drDEpZpEi6I,6,1
R_3hygSJ7lwqGDwsO,6,0
R_3Ia9gfHbmVx0SPO,7,1
R_3iDqJnh2szxRQNG,5,0
R_3iEHsOuwwe9Stjl,6,0
R_3iHVV2juqcB8U74,5,1
R_3iLjk2ufFvjKmL2,5,0
R_3iO3EaFbN6Dx6qJ,6,1
R_3j2qpyMXOfhUld7,5,1
R_3J8BTdUz1553o1Q,5,1
R_3JELd0algQzoYmM,6,0
R_3JeMVTJOBNCt0T7,6,1
R_3JmUIhmzGnFBHdv,7,1
R_3JzahueXwsjhqch,5,1
R_3KD7E0pVZuxSqgU,6,1
R_3kMlM6iUQ2jpRct,7,0
R_3kNGNxkzTcBdFSc,7,0
R_3kvakotKmTX5o3q,5,0
R_3LbETsZQW63zkmO,5,3
R_3ltfpRnoSEBp8hH,5,1
R_3LXZwMyfXBXG2ME,5,1
R_3m3Q2V29OcGWLcl,7,1
R_3m4rBRSaRDjGtjq,5,0
R_3m8KrVcU0HEz8C0,6,1
R_3m9qKSvY7yrlSln,5,1
R_3MbecC7pcyvMjOr,6,2
R_3mdxHPPtEbR27sV,6,0
R_3MKVPoZ6gcisKXC,7,1
R_3Mmm9Fnu8aQcAHB,5,1
R_3MnBFtVRbgUrdce,6,0
R_3MosmjX99jefrRg,6,1
R_3Mta0rzTkMmMr2A,6,1
R_3MtByl1OFRMyPqz,6,2
R_3nbYJUcQOysMfgY,5,0
R_3njEb7Nya3srv0T,7,0
R_3nlAAYZKPKHV2x7,7,1
R_3NxrYljMigp1Ps2,5,1
R_3OdDxyMnnNjXrbN,6,1
R_3Ofw9tUmNh722j8,6,2
R_3OiDnmaq1YXslTK,6,0
R_3OkOMRTUfgiQx0A,7,0
R_3OrhJ9DOam9lIQ9,6,1
R_3PCetTQoDpWnvkp,5,0
R_3pciEEbQzb4J3dz,5,1
R_3PgxztwRLmCwFeW,7,1
R_3phzjhMdAaheFft,7,1
R_3puwKasrVtvXMTP,5,0
R_3Q5LZS1NTcncxW1,7,1
R_3q8xKfUHChZE0nV,5,0
R_3QFxeKbFmRjgCH0,5,2
R_3QPNpgrG5hoFH0C,6,1
R_3qQkoIEeBFT9Zc6,6,1
R_3qqys0UHBflBnmw,6,1
R_3qwIMPT5hkX2U5E,7,0
R_3QXCt2UbxNXZ0fs,6,1
R_3qxGkdZddNXjPB7,6,1
R_3QXI7H4PjIGcShI,5,0
R_3r1gTmMSma18WGI,7,1
R_3R2VpTIb6STNw9v,5,1
R_3Ra4KjS8vNLbt8Q,6,1
R_3Rl1SYCo1G7c8UN,7,0
R_3rNw47Qv4VOn6FH,7,0
R_3RwmTu4YH7XOU6t,5,0
R_3RxZqBapRkIFRF3,5,0
R_40o4qtXfck9drwd,5,2
R_4NjrMyEU97yPfpL,7,0
R_5jQ6xLSeXbnTjoJ,7,1
R_6R8XIxsGpF37eRX,5,1
R_6wYX9qkCaPxmx9L,6,1
R_6zd5nwu1KTlCEHn,6,2
R_7X1EFV5WVfx0081,6,1
R_81ipluMOaprrMGZ,6,1
R_823AF2LXi51PAB3,5,0
R_86dbiBsqPNll0tj,7,0
R_8bLYxFH739bpEnD,6,1
R_8jCuS2qkAavF0sN,5,0
R_8v41PpjZ1V0VkpH,5,0
R_8vN4LtEZ9zR49Md,5,1
R_9B7B1X1tOzM5y5H,5,2
R_9Bl4jB0KcIJLCox,6,0
R_9BNnJgife1xgcbn,7,1
R_9pDoY0bVciUDz9v,6,0
R_9RBlx1Gc08vRT57,6,1
R_A1M7zfXwDcNvrzz,5,0
R_AFdMLOXxjYz6qSB,5,1
R_AGqhPJWzGh7A2Wt,5,0
R_AgrIP3LkVbcV16h,5,0
R_AgtCWnS2QicwOWd,7,1
R_ALm6sVyXNGkonND,6,2
R_AmozzmiUAKTM68F,6,0
R_An6LYtvrLaaVRrH,6,0
R_AunyPjIPEAViIMh,7,2
R_Avb2QTavkeZeZSV,5,1
R_BM3IslxUDXHeoyB,6,2
R_brx9nlhoBVzVpXH,5,1
R_C3VZbEXUZFcuQrn,6,1
R_C7AZYPmDuGvVcCl,7,0
R_CaGeUKyAyOuLd29,5,1
R_CkpIaYwqodO4inD,7,1
R_cNokyvqAK1RMWOJ,6,2
R_cSIJE3DB729c093,6,3
R_cUDBKiA2LrWtYOZ,5,0
R_cw2iSr5aZGB0FyN,7,1
R_daN5qIbD93aUxHP,5,0
R_dfZmSmrf8fJCsb7,6,1
R_DHwCSBtARADjwCl,7,0
R_DMfnoVqyqLqg5vb,5,0
R_Dorco2FQgJ7VAbv,5,1
R_DtO714SEEpvmBrz,7,0
R_DTP3eSlzxX26ALv,6,1
R_DuUTWc9xIOYdwpX,6,0
R_eXlW8jJs6VcRXcl,5,0
R_NWLKclWwx7VKI93,6,1
R_O40syOHK7zNSRnX,5,1
R_OeBi2NW4mfyM00x,6,1
R_OsfHM88Tii3lMyt,5,1
R_pH3MmCoezk5ftbH,5,3
R_phoZzf4mcRHZ3d7,6,1
R_puTvij7wnEw4tKF,5,0
R_PvSnTMGyhrhCeyJ,5,1
R_PzyPJSqDyjWUdDX,5,1
R_qCxFsZuAr3zgHaV,5,2
R_RetiwOtQxo6kBfH,6,0
R_Rkt5PcNblzZGbOV,5,1
R_RxEQYgV5WJ944Hn,7,2
R_SCdCNWQ3JNSpI1X,6,0
R_se5cQrR6GZaB0VX,7,0
R_sF12D1fBSzk3ANH,5,0
R_SNU4gy7TwrD36Ap,6,0
R_tFAhCShE7G26kHT,7,0
R_tGNUAz4G8E7MdWN,5,1
R_Todyx8WyV6BuCZz,5,0
R_TuTCCDQUsiNDJW9,6,1
R_tY6KplV7g4oLgWd,6,0
R_tYbjL7jSoVoH8hr,6,1
R_UauCQY1mCinodWN,6,1
R_ue7HVDllR7iKjqV,7,0
R_uey49XDgA3e3CCJ,6,1
R_ufyDbaL2zi9vwQN,7,2
R_UJwIhzMzChQat8J,6,1
R_vdw6hOI79dcVjFf,5,1
R_vJ2FKmxNjrA63e1,5,1
R_VPakCMvItzIqsJX,5,0
R_VU5MJro1UhR3zy1,6,0
R_W2PjquldxBqVWal,6,3
R_W3bZmlrCUIO9oaZ,6,1
R_W7NwB63X2fbUfp7,6,2
R_WprJpihHOZCacYV,5,2
R_wTAl4aAAHcNws2B,5,1
R_wUkb391jygLK3V7,5,1
R_x3YnPVDDKLqxs0V,6,1
R_xA89sNKnDTdcdup,6,1
R_xAfO7sxWCbobRlL,6,1
R_XAPby3KFnVysTFT,5,0
R_XBr9EaOFAtCUNO1,6,1
R_xfiMV6efADgbR9n,6,1
R_xFMr26xnyk3oAbT,5,2
R_xi4dBWBECb7EhfH,5,1
R_Xqha1tdmFgZMmmB,7,1
R_xryB4gXuXxFbbP3,7,1
R_xxYW5Ouh7YXwu65,5,1
R_YaHQbp1rp88iPwB,5,1
R_yBIjkVmLHhdWfsZ,5,1
R_yQM0aV2Z3nb9lOF,6,1
R_YRiHxRuBaQBTsbL,6,1
R_YYYjxKUSAFI5Idj,7,0
R_z7llE1fbooX9fhv,6,1
R_ZF43c8XNSqwPZhD,7,1
R_ZkODjMub8pQkg0x,6,1
R_ZlcQNBDiShEz1U5,6,1
R_Zt61LpceTEcsVfX,6,2
R_2WwkfqxsasPlUXu,4,
R_1JVEOMxRr0GSPqk,4,
R_1QfumP3hIfzztGJ,4,
R_246kaPce2GTcGCn,4,
R_3jTnZQ6ttG88NBQ,4,
R_2dQRMokzKHYeECk,4,
R_1H5D8EVe6SA0ujo,4,
R_24r70pS8zYaLKRI,4,
R_1IL9OswbsLJ9io3,4,
R_p3J413lfG81QI9j,4,
R_qUC0XxfreDLwoox,4,
R_TaY9aEYXtNKkWn7,4,
R_10pe4WkgkSTcA88,4,
R_2afszN2sPFf1ZCw,4,
R_1gnj6olWsS3oRCE,4,
R_31vgbLT26wNd8sX,4,
R_3qprtazz4ij6kiK,4,
R_1BOYZLzPmlC50SQ,4,
R_2YazeOUEfaeqNtr,4,
R_21v99WG2XZGgNvw,4,
R_Azo54lJehleIWGJ,4,
R_1Cx11GJ0BqPk7V3,4,
R_xn3zqPy0rHzt6HT,4,
R_cOx1RHqqenC3qRX,4,
R_3PhhX2Epddf91GO,4,
R_BJ2c7vadWWBg0fL,4,
R_3QQrDjukRmjdTCt,4,
R_6ziEo9OkXEeVGVj,4,
R_3ewNqOgFLWWeZDo,4,
R_bp7whEIIcqukP6x,4,
R_1BOQRpiKLIxPeTq,4,
R_3fZuIdccyK2bcX7,4,
R_PwA8YaQJlLE1weB,4,
R_24wJubzgoIkcuv2,4,
R_3CDGoVtNmEFtzaU,4,
R_2ZOBVIqQG1pPcIr,4,
R_27JSwou1eaxfrLd,4,
R_VU8EsGYDlrqYhB7,4,
R_0SWMuMJG0Ybx2St,4,
R_3D5fV20dJDQIoux,4,
R_CkJAzoFlVhIQRIB,4,
R_2tLpnw7MhhZBs37,4,
R_3EZvrkSFob7eG2N,4,
R_1GytkRl1Kj6hJGB,4,
R_2bZsKQJe0qI0Xag,4,
R_2R1SVZclI9ag2T6,4,
R_1q81aLnlbU3W9lU,4,
R_1riVkERV3eWJYdP,4,
R_1qVUcld91XdGx4F,4,
R_21bIwjEoKC4FoFZ,4,
R_25uoJjIy8PYXZRa,4,
R_3kADL4d0ZVeRKr4,4,
R_3G7fnGfaCaPfBPz,4,
R_BPTdaGXxhbB4XRf,4,
R_4YqWjtnRhwyiW4N,4,
R_1NmKpNtbE4PHiKN,4,
R_UxZiE5bmCtxilfb,4,
R_1kRdkrG8yy1tqqn,4,
R_STxOM65mOOfdAoV,4,
R_1BmS2gRXNIcH92p,4,
R_3q7PO9gn08aUaRU,4,
R_3L7n2Sk7M0iRXcJ,4,
R_2RPJgLdarVNO6qy,4,
R_3gYtfauWnt2Jnom,4,
R_2VqnJSS8UfS49ay,4,
R_3psUOZ0QwsBSWLY,4,
R_3gZPbZuQWCrbwOZ,4,
R_3PLZcNoN0ZFTped,4,
R_3pg55DDGTV6BQaD,4,
R_2VxqPefm1bEiyUG,4,
R_2az7yu8yl7UIurg,4,
R_2QMUH8ZJNdniIk1,4,
R_RK0CDH5N2lxVemJ,4,
R_1ezb9HNjzNGqr2R,4,
R_2cq4I2N39meUNsn,4,
R_cSA42qAaJ0TVsxb,4,
R_2sZvbpBR0ibnZfD,4,
R_2OYMOR6lVxmu7ez,4,
R_1jNtDjUEDpBhH4P,4,